Symbol;Date;Open;High;Low;Close
USDMMK:CUR;16/06/2022;1850;1850;1850;1850
USDMMK:CUR;15/06/2022;1850;1850;1850;1850
USDMMK:CUR;14/06/2022;1850;1850;1850;1850
USDMMK:CUR;13/06/2022;1850;1850;1850;1850
USDMMK:CUR;10/06/2022;1850;1850;1850;1850
USDMMK:CUR;09/06/2022;1850;1850;1850;1850
USDMMK:CUR;08/06/2022;1850;1850;1850;1850
USDMMK:CUR;07/06/2022;1850;1850;1850;1850
USDMMK:CUR;06/06/2022;1850;1850;1850;1850
USDMMK:CUR;03/06/2022;1850;1850;1850;1850
USDMMK:CUR;02/06/2022;1850;1850;1850;1850
USDMMK:CUR;01/06/2022;1850;1850;1850;1850
USDMMK:CUR;31/05/2022;1850;1850;1850;1850
USDMMK:CUR;30/05/2022;1850;1850;1850;1850
USDMMK:CUR;27/05/2022;1850;1850;1850;1850
USDMMK:CUR;26/05/2022;1850;1850;1850;1850
USDMMK:CUR;25/05/2022;1850;1850;1850;1850
USDMMK:CUR;24/05/2022;1850;1850;1850;1850
USDMMK:CUR;23/05/2022;1850;1850;1850;1850
USDMMK:CUR;20/05/2022;1850;1850;1850;1850
USDMMK:CUR;19/05/2022;1850;1850;1850;1850
USDMMK:CUR;18/05/2022;1850;1850;1850;1850
USDMMK:CUR;17/05/2022;1850;1850;1850;1850
USDMMK:CUR;16/05/2022;1850;1850;1850;1850
USDMMK:CUR;13/05/2022;1850;1850;1850;1850
USDMMK:CUR;12/05/2022;1850;1850;1850;1850
USDMMK:CUR;11/05/2022;1850;1850;1850;1850
USDMMK:CUR;10/05/2022;1850;1850;1850;1850
USDMMK:CUR;09/05/2022;1850;1850;1850;1850
USDMMK:CUR;06/05/2022;1850;1850;1850;1850
USDMMK:CUR;05/05/2022;1850;1850;1850;1850
USDMMK:CUR;04/05/2022;1850;1850;1850;1850
USDMMK:CUR;03/05/2022;1850;1850;1850;1850
USDMMK:CUR;02/05/2022;1850;1850;1850;1850
USDMMK:CUR;29/04/2022;1850;1850;1850;1850
USDMMK:CUR;28/04/2022;1850;1850;1850;1850
USDMMK:CUR;27/04/2022;1850;1850;1850;1850
USDMMK:CUR;26/04/2022;1850;1850;1850;1850
USDMMK:CUR;25/04/2022;1850;1850;1850;1850
USDMMK:CUR;22/04/2022;1850;1850;1850;1850
USDMMK:CUR;21/04/2022;1850;1850;1850;1850
USDMMK:CUR;20/04/2022;1850;1850;1850;1850
USDMMK:CUR;19/04/2022;1850;1850;1850;1850
USDMMK:CUR;18/04/2022;1850;1850;1850;1850
USDMMK:CUR;15/04/2022;1850;1850;1850;1850
USDMMK:CUR;14/04/2022;1850;1850;1850;1850
USDMMK:CUR;13/04/2022;1850;1850;1850;1850
USDMMK:CUR;12/04/2022;1850;1850;1850;1850
USDMMK:CUR;11/04/2022;1850;1850;1850;1850
USDMMK:CUR;08/04/2022;1850;1850;1850;1850
USDMMK:CUR;07/04/2022;1850;1850;1850;1850
USDMMK:CUR;06/04/2022;1769.5;1769.5;1769.5;1769.5
USDMMK:CUR;05/04/2022;1769.5;1769.5;1769.5;1769.5
USDMMK:CUR;04/04/2022;1769.5;1769.5;1769.5;1769.5
USDMMK:CUR;01/04/2022;1769.5;1769.5;1769.5;1769.5
USDMMK:CUR;31/03/2022;1769.5;1769.5;1769.5;1769.5
USDMMK:CUR;30/03/2022;1769.5;1769.5;1769.5;1769.5
USDMMK:CUR;29/03/2022;1769.5;1769.5;1769.5;1769.5
USDMMK:CUR;28/03/2022;1770;1770;1770;1770
USDMMK:CUR;25/03/2022;1769.5;1769.5;1769.5;1769.5
USDMMK:CUR;24/03/2022;1769.5;1769.5;1769.5;1769.5
USDMMK:CUR;23/03/2022;1769.5;1769.5;1769.5;1769.5
USDMMK:CUR;22/03/2022;1769.5;1769.5;1769.5;1769.5
USDMMK:CUR;21/03/2022;1769.5;1769.5;1769.5;1769.5
USDMMK:CUR;18/03/2022;1769.5;1769.5;1769.5;1769.5
USDMMK:CUR;17/03/2022;1769.5;1769.5;1769.5;1769.5
USDMMK:CUR;16/03/2022;1769.5;1769.5;1769.5;1769.5
USDMMK:CUR;15/03/2022;1769.5;1769.5;1769.5;1769.5
USDMMK:CUR;14/03/2022;1769.5;1769.5;1769.5;1769.5
USDMMK:CUR;11/03/2022;1769.5;1769.5;1769.5;1769.5
USDMMK:CUR;10/03/2022;1769.5;1769.5;1769.5;1769.5
USDMMK:CUR;09/03/2022;1769.5;1769.5;1769.5;1769.5
USDMMK:CUR;08/03/2022;1769.5;1769.5;1769.5;1769.5
USDMMK:CUR;07/03/2022;1769.5;1769.5;1769.5;1769.5
USDMMK:CUR;04/03/2022;1769.5;1769.5;1769.5;1769.5
USDMMK:CUR;03/03/2022;1769.5;1769.5;1769.5;1769.5
USDMMK:CUR;02/03/2022;1769.5;1769.5;1769.5;1769.5
USDMMK:CUR;01/03/2022;1769.5;1769.5;1769.5;1769.5
USDMMK:CUR;28/02/2022;1769.5;1769.5;1769.5;1769.5
USDMMK:CUR;25/02/2022;1769.5;1769.5;1769.5;1769.5
USDMMK:CUR;24/02/2022;1769.5;1769.5;1769.5;1769.5
USDMMK:CUR;23/02/2022;1769.5;1769.5;1769.5;1769.5
USDMMK:CUR;22/02/2022;1769.5;1769.5;1769.5;1769.5
USDMMK:CUR;21/02/2022;1769.5;1769.5;1769.5;1769.5
USDMMK:CUR;18/02/2022;1769.5;1769.5;1769.5;1769.5
USDMMK:CUR;17/02/2022;1769.5;1769.5;1769.5;1769.5
USDMMK:CUR;16/02/2022;1769.5;1769.5;1769.5;1769.5
USDMMK:CUR;15/02/2022;1769.5;1769.5;1769.5;1769.5
USDMMK:CUR;14/02/2022;1769.5;1769.5;1769.5;1769.5
USDMMK:CUR;11/02/2022;1769.5;1769.5;1769.5;1769.5
USDMMK:CUR;10/02/2022;1769.5;1769.5;1769.5;1769.5
USDMMK:CUR;09/02/2022;1769.5;1769.5;1769.5;1769.5
USDMMK:CUR;08/02/2022;1769.5;1769.5;1769.5;1769.5
USDMMK:CUR;07/02/2022;1769.5;1769.5;1769.5;1769.5
USDMMK:CUR;04/02/2022;1769.5;1769.5;1769.5;1769.5
USDMMK:CUR;03/02/2022;1769.5;1769.5;1769.5;1769.5
USDMMK:CUR;02/02/2022;1769.5;1769.5;1769.5;1769.5
USDMMK:CUR;01/02/2022;1769.5;1769.5;1769.5;1769.5
USDMMK:CUR;31/01/2022;1769.5;1769.5;1769.5;1769.5
USDMMK:CUR;28/01/2022;1769.5;1769.5;1769.5;1769.5
USDMMK:CUR;27/01/2022;1769.5;1769.5;1769.5;1769.5
USDMMK:CUR;26/01/2022;1769.5;1769.5;1769.5;1769.5
USDMMK:CUR;25/01/2022;1769.5;1769.5;1769.5;1769.5
USDMMK:CUR;24/01/2022;1769.5;1769.5;1769.5;1769.5
USDMMK:CUR;21/01/2022;1769.5;1769.5;1769.5;1769.5
USDMMK:CUR;20/01/2022;1769.5;1769.5;1769.5;1769.5
USDMMK:CUR;19/01/2022;1769.5;1769.5;1769.5;1769.5
USDMMK:CUR;18/01/2022;1769.5;1769.5;1769.5;1769.5
USDMMK:CUR;17/01/2022;1769.5;1769.5;1769.5;1769.5
USDMMK:CUR;14/01/2022;1769.5;1769.5;1769.5;1769.5
USDMMK:CUR;13/01/2022;1769.5;1769.5;1769.5;1769.5
USDMMK:CUR;12/01/2022;1769.5;1769.5;1769.5;1769.5
USDMMK:CUR;11/01/2022;1769.5;1769.5;1769.5;1769.5
USDMMK:CUR;10/01/2022;1769.5;1769.5;1769.5;1769.5
USDMMK:CUR;07/01/2022;1769.5;1769.5;1769.5;1769.5
USDMMK:CUR;06/01/2022;1769.5;1769.5;1769.5;1769.5
USDMMK:CUR;05/01/2022;1769.5;1769.5;1769.5;1769.5
USDMMK:CUR;04/01/2022;1769.5;1769.5;1769.5;1769.5
USDMMK:CUR;03/01/2022;1769.5;1769.5;1769.5;1769.5
USDMMK:CUR;31/12/2021;1769.5;1769.5;1769.5;1769.5
USDMMK:CUR;30/12/2021;1769.5;1769.5;1769.5;1769.5
USDMMK:CUR;29/12/2021;1769.5;1769.5;1769.5;1769.5
USDMMK:CUR;28/12/2021;1769.5;1769.5;1769.5;1769.5
USDMMK:CUR;27/12/2021;1769.5;1769.5;1769.5;1769.5
USDMMK:CUR;24/12/2021;1769.5;1769.5;1769.5;1769.5
USDMMK:CUR;23/12/2021;1769.5;1769.5;1769.5;1769.5
USDMMK:CUR;22/12/2021;1769.5;1769.5;1769.5;1769.5
USDMMK:CUR;21/12/2021;1769.5;1769.5;1769.5;1769.5
USDMMK:CUR;20/12/2021;1769.5;1769.5;1769.5;1769.5
USDMMK:CUR;17/12/2021;1771.5;1771.5;1771.5;1771.5
USDMMK:CUR;16/12/2021;1771.5;1771.5;1771.5;1771.5
USDMMK:CUR;15/12/2021;1771.5;1771.5;1771.5;1771.5
USDMMK:CUR;14/12/2021;1771.5;1771.5;1771.5;1771.5
USDMMK:CUR;13/12/2021;1771.5;1771.5;1771.5;1771.5
USDMMK:CUR;10/12/2021;1771.5;1771.5;1771.5;1771.5
USDMMK:CUR;09/12/2021;1771.5;1771.5;1771.5;1771.5
USDMMK:CUR;08/12/2021;1771.5;1771.5;1771.5;1771.5
USDMMK:CUR;07/12/2021;1771.5;1771.5;1771.5;1771.5
USDMMK:CUR;06/12/2021;1771.5;1771.5;1771.5;1771.5
USDMMK:CUR;03/12/2021;1776.5;1776.5;1776.5;1776.5
USDMMK:CUR;02/12/2021;1776.5;1776.5;1776.5;1776.5
USDMMK:CUR;01/12/2021;1776.5;1776.5;1776.5;1776.5
USDMMK:CUR;30/11/2021;1785;1785;1785;1785
USDMMK:CUR;29/11/2021;1782;1782;1782;1782
USDMMK:CUR;26/11/2021;1782;1782;1782;1782
USDMMK:CUR;25/11/2021;1779.5;1779.5;1779.5;1779.5
USDMMK:CUR;24/11/2021;1775.5;1775.5;1775.5;1775.5
USDMMK:CUR;23/11/2021;1769.5;1769.5;1769.5;1769.5
USDMMK:CUR;22/11/2021;1769;1769;1769;1769
USDMMK:CUR;19/11/2021;1763;1763;1763;1763
USDMMK:CUR;18/11/2021;1761;1761;1761;1761
USDMMK:CUR;17/11/2021;1761;1761;1761;1761
USDMMK:CUR;16/11/2021;1761;1761;1761;1761
USDMMK:CUR;15/11/2021;1770;1770;1770;1770
USDMMK:CUR;12/11/2021;1769;1769;1769;1769
USDMMK:CUR;11/11/2021;1768;1768;1768;1768
USDMMK:CUR;10/11/2021;1766.5;1766.5;1766.5;1766.5
USDMMK:CUR;09/11/2021;1760;1760;1760;1760
USDMMK:CUR;08/11/2021;1746;1755;1746;1755
USDMMK:CUR;05/11/2021;1746;1746;1746;1746
USDMMK:CUR;04/11/2021;1746;1746;1746;1746
USDMMK:CUR;03/11/2021;1746;1746;1746;1746
USDMMK:CUR;02/11/2021;1746;1746;1746;1746
USDMMK:CUR;01/11/2021;1743;1743;1743;1743
USDMMK:CUR;29/10/2021;1720;1720;1720;1720
USDMMK:CUR;28/10/2021;1720;1720;1720;1720
USDMMK:CUR;27/10/2021;1730;1730;1730;1730
USDMMK:CUR;26/10/2021;1770;1770;1770;1770
USDMMK:CUR;25/10/2021;1790;1790;1790;1790
USDMMK:CUR;22/10/2021;1800;1800;1800;1800
USDMMK:CUR;21/10/2021;1810;1810;1810;1810
USDMMK:CUR;20/10/2021;1810;1810;1810;1810
USDMMK:CUR;19/10/2021;1810;1810;1810;1810
USDMMK:CUR;18/10/2021;1810;1810;1810;1810
USDMMK:CUR;15/10/2021;1835;1835;1835;1835
USDMMK:CUR;14/10/2021;1830;1830;1830;1830
USDMMK:CUR;13/10/2021;1850;1850;1850;1850
USDMMK:CUR;12/10/2021;1870;1870;1870;1870
USDMMK:CUR;11/10/2021;1930;1930;1930;1930
USDMMK:CUR;08/10/2021;1930;1930;1930;1930
USDMMK:CUR;07/10/2021;1930;1930;1930;1930
USDMMK:CUR;06/10/2021;1928;1928;1928;1928
USDMMK:CUR;05/10/2021;1919;1919;1919;1919
USDMMK:CUR;04/10/2021;1750;1750;1750;1750
USDMMK:CUR;01/10/2021;1748;1748;1748;1748
USDMMK:CUR;30/09/2021;1748;1748;1748;1748
USDMMK:CUR;29/09/2021;1748;1748;1748;1748
USDMMK:CUR;28/09/2021;1748;1748;1748;1748
USDMMK:CUR;27/09/2021;1745;1745;1745;1745
USDMMK:CUR;24/09/2021;1748;1748;1748;1748
USDMMK:CUR;23/09/2021;1741;1741;1741;1741
USDMMK:CUR;22/09/2021;1736;1736;1736;1736
USDMMK:CUR;21/09/2021;1736;1736;1736;1736
USDMMK:CUR;20/09/2021;1730;1730;1730;1730
USDMMK:CUR;17/09/2021;1730;1730;1730;1730
USDMMK:CUR;16/09/2021;1736;1736;1736;1736
USDMMK:CUR;15/09/2021;1736;1736;1736;1736
USDMMK:CUR;14/09/2021;1736;1736;1736;1736
USDMMK:CUR;13/09/2021;1717;1720;1717;1720
USDMMK:CUR;10/09/2021;1716;1716;1716;1716
USDMMK:CUR;09/09/2021;1642;1642;1642;1642
USDMMK:CUR;08/09/2021;1642;1642;1642;1642
USDMMK:CUR;07/09/2021;1642;1642;1642;1642
USDMMK:CUR;06/09/2021;1642;1642;1642;1642
USDMMK:CUR;03/09/2021;1642;1642;1642;1642
USDMMK:CUR;02/09/2021;1642;1642;1642;1642
USDMMK:CUR;01/09/2021;1642;1642;1642;1642
USDMMK:CUR;31/08/2021;1642;1642;1642;1642
USDMMK:CUR;30/08/2021;1642;1642;1642;1642
USDMMK:CUR;27/08/2021;1642;1642;1642;1642
USDMMK:CUR;26/08/2021;1642;1642;1642;1642
USDMMK:CUR;25/08/2021;1642;1642;1642;1642
USDMMK:CUR;24/08/2021;1642;1642;1642;1642
USDMMK:CUR;23/08/2021;1642;1642;1642;1642
USDMMK:CUR;20/08/2021;1642;1642;1642;1642
USDMMK:CUR;19/08/2021;1642;1642;1642;1642
USDMMK:CUR;18/08/2021;1642;1642;1642;1642
USDMMK:CUR;17/08/2021;1642;1642;1642;1642
USDMMK:CUR;16/08/2021;1642;1642;1642;1642
USDMMK:CUR;13/08/2021;1642;1642;1642;1642
USDMMK:CUR;12/08/2021;1642;1642;1642;1642
USDMMK:CUR;11/08/2021;1642;1642;1642;1642
USDMMK:CUR;10/08/2021;1642;1642;1642;1642
USDMMK:CUR;09/08/2021;1642;1642;1642;1642
USDMMK:CUR;06/08/2021;1642;1642;1642;1642
USDMMK:CUR;05/08/2021;1642;1642;1642;1642
USDMMK:CUR;04/08/2021;1642;1642;1642;1642
USDMMK:CUR;03/08/2021;1642;1642;1642;1642
USDMMK:CUR;02/08/2021;1642;1642;1642;1642
USDMMK:CUR;30/07/2021;1642;1642;1642;1642
USDMMK:CUR;29/07/2021;1642;1642;1642;1642
USDMMK:CUR;28/07/2021;1642;1642;1642;1642
USDMMK:CUR;27/07/2021;1642;1642;1642;1642
USDMMK:CUR;26/07/2021;1642;1642;1642;1642
USDMMK:CUR;23/07/2021;1642;1642;1642;1642
USDMMK:CUR;22/07/2021;1642;1642;1642;1642
USDMMK:CUR;21/07/2021;1642;1642;1642;1642
USDMMK:CUR;20/07/2021;1642;1642;1642;1642
USDMMK:CUR;19/07/2021;1642;1642;1642;1642
USDMMK:CUR;16/07/2021;1642;1642;1642;1642
USDMMK:CUR;15/07/2021;1642;1642;1642;1642
USDMMK:CUR;14/07/2021;1642;1642;1642;1642
USDMMK:CUR;13/07/2021;1642;1642;1642;1642
USDMMK:CUR;12/07/2021;1642;1642;1642;1642
USDMMK:CUR;09/07/2021;1642;1642;1642;1642
USDMMK:CUR;08/07/2021;1642;1642;1642;1642
USDMMK:CUR;07/07/2021;1642;1642;1642;1642
USDMMK:CUR;06/07/2021;1642;1642;1642;1642
USDMMK:CUR;05/07/2021;1642;1642;1642;1642
USDMMK:CUR;02/07/2021;1642;1642;1642;1642
USDMMK:CUR;01/07/2021;1642;1642;1642;1642
USDMMK:CUR;30/06/2021;1642;1642;1642;1642
USDMMK:CUR;29/06/2021;1642;1642;1642;1642
USDMMK:CUR;28/06/2021;1642;1642;1642;1642
USDMMK:CUR;25/06/2021;1642;1642;1642;1642
USDMMK:CUR;24/06/2021;1642;1642;1642;1642
USDMMK:CUR;23/06/2021;1642;1642;1642;1642
USDMMK:CUR;22/06/2021;1642;1642;1642;1642
USDMMK:CUR;21/06/2021;1642;1642;1642;1642
USDMMK:CUR;18/06/2021;1642;1642;1642;1642
USDMMK:CUR;17/06/2021;1642;1642;1642;1642
USDMMK:CUR;16/06/2021;1642;1642;1642;1642
USDMMK:CUR;15/06/2021;1642;1642;1642;1642
USDMMK:CUR;14/06/2021;1642;1642;1642;1642
USDMMK:CUR;11/06/2021;1642;1642;1642;1642
USDMMK:CUR;10/06/2021;1642;1642;1642;1642
USDMMK:CUR;09/06/2021;1642;1642;1642;1642
USDMMK:CUR;08/06/2021;1642;1642;1642;1642
USDMMK:CUR;07/06/2021;1642;1642;1642;1642
USDMMK:CUR;04/06/2021;1642;1642;1642;1642
USDMMK:CUR;03/06/2021;1642;1642;1642;1642
USDMMK:CUR;02/06/2021;1642;1642;1642;1642
USDMMK:CUR;01/06/2021;1642;1642;1642;1642
USDMMK:CUR;31/05/2021;1642;1642;1642;1642
USDMMK:CUR;28/05/2021;1642;1642;1642;1642
USDMMK:CUR;27/05/2021;1642;1642;1642;1642
USDMMK:CUR;26/05/2021;1642;1642;1642;1642
USDMMK:CUR;25/05/2021;1642;1642;1642;1642
USDMMK:CUR;24/05/2021;1642;1642;1642;1642
USDMMK:CUR;21/05/2021;1642;1642;1642;1642
USDMMK:CUR;20/05/2021;1642;1642;1642;1642
USDMMK:CUR;19/05/2021;1642;1642;1642;1642
USDMMK:CUR;18/05/2021;1647;1647;1642;1642
USDMMK:CUR;17/05/2021;1550;1550;1550;1550
USDMMK:CUR;14/05/2021;1550;1550;1550;1550
USDMMK:CUR;13/05/2021;1550;1550;1550;1550
USDMMK:CUR;12/05/2021;1550;1550;1550;1550
USDMMK:CUR;11/05/2021;1550;1550;1550;1550
USDMMK:CUR;10/05/2021;1550;1550;1550;1550
USDMMK:CUR;07/05/2021;1550;1550;1550;1550
USDMMK:CUR;06/05/2021;1550;1550;1550;1550
USDMMK:CUR;05/05/2021;1550;1550;1550;1550
USDMMK:CUR;04/05/2021;1550;1550;1550;1550
USDMMK:CUR;03/05/2021;1550;1550;1550;1550
USDMMK:CUR;30/04/2021;1550;1550;1550;1550
USDMMK:CUR;29/04/2021;1550;1550;1550;1550
USDMMK:CUR;28/04/2021;1550;1550;1550;1550
USDMMK:CUR;27/04/2021;1550;1550;1550;1550
USDMMK:CUR;26/04/2021;1550;1550;1550;1550
USDMMK:CUR;23/04/2021;1550;1550;1550;1550
USDMMK:CUR;22/04/2021;1400;1400;1400;1400
USDMMK:CUR;21/04/2021;1400;1400;1400;1400
USDMMK:CUR;20/04/2021;1400;1400;1400;1400
USDMMK:CUR;19/04/2021;1400;1400;1400;1400
USDMMK:CUR;16/04/2021;1400;1400;1400;1400
USDMMK:CUR;15/04/2021;1400;1400;1400;1400
USDMMK:CUR;14/04/2021;1400;1400;1400;1400
USDMMK:CUR;13/04/2021;1400;1400;1400;1400
USDMMK:CUR;12/04/2021;1400;1400;1400;1400
USDMMK:CUR;09/04/2021;1400;1400;1400;1400
USDMMK:CUR;08/04/2021;1400;1400;1400;1400
USDMMK:CUR;07/04/2021;1400;1400;1400;1400
USDMMK:CUR;06/04/2021;1400;1400;1400;1400
USDMMK:CUR;05/04/2021;1400;1400;1400;1400
USDMMK:CUR;02/04/2021;1400;1400;1400;1400
USDMMK:CUR;01/04/2021;1400;1400;1400;1400
USDMMK:CUR;31/03/2021;1400;1400;1400;1400
USDMMK:CUR;30/03/2021;1400;1400;1400;1400
USDMMK:CUR;29/03/2021;1400;1400;1400;1400
USDMMK:CUR;26/03/2021;1400;1400;1400;1400
USDMMK:CUR;25/03/2021;1400;1400;1400;1400
USDMMK:CUR;24/03/2021;1400;1400;1400;1400
USDMMK:CUR;23/03/2021;1400;1400;1400;1400
USDMMK:CUR;22/03/2021;1400;1400;1400;1400
USDMMK:CUR;19/03/2021;1400;1400;1400;1400
USDMMK:CUR;18/03/2021;1400;1400;1400;1400
USDMMK:CUR;17/03/2021;1400;1400;1400;1400
USDMMK:CUR;16/03/2021;1400;1400;1400;1400
USDMMK:CUR;15/03/2021;1400;1400;1400;1400
USDMMK:CUR;12/03/2021;1400;1400;1400;1400
USDMMK:CUR;11/03/2021;1400;1400;1400;1400
USDMMK:CUR;10/03/2021;1400;1400;1400;1400
USDMMK:CUR;09/03/2021;1400;1400;1400;1400
USDMMK:CUR;08/03/2021;1400;1400;1400;1400
USDMMK:CUR;05/03/2021;1400;1400;1400;1400
USDMMK:CUR;04/03/2021;1400;1400;1400;1400
USDMMK:CUR;03/03/2021;1400;1400;1400;1400
USDMMK:CUR;02/03/2021;1400;1400;1400;1400
USDMMK:CUR;01/03/2021;1400;1400;1400;1400
USDMMK:CUR;26/02/2021;1400;1400;1400;1400
USDMMK:CUR;25/02/2021;1400;1400;1400;1400
USDMMK:CUR;24/02/2021;1400;1400;1400;1400
USDMMK:CUR;23/02/2021;1400;1400;1400;1400
USDMMK:CUR;22/02/2021;1400;1400;1400;1400
USDMMK:CUR;19/02/2021;1400;1400;1400;1400
USDMMK:CUR;18/02/2021;1400;1400;1400;1400
USDMMK:CUR;17/02/2021;1400;1400;1400;1400
USDMMK:CUR;16/02/2021;1400;1400;1400;1400
USDMMK:CUR;15/02/2021;1400;1400;1400;1400
USDMMK:CUR;12/02/2021;1400;1400;1400;1400
USDMMK:CUR;11/02/2021;1410;1410;1400;1400
USDMMK:CUR;10/02/2021;1395;1395;1395;1395
USDMMK:CUR;09/02/2021;1395;1395;1395;1395
USDMMK:CUR;08/02/2021;1395;1395;1395;1395
USDMMK:CUR;05/02/2021;1395;1395;1395;1395
USDMMK:CUR;04/02/2021;1385;1395;1385;1395
USDMMK:CUR;03/02/2021;1360;1395;1325;1375
USDMMK:CUR;02/02/2021;1327;1343;1318;1343
USDMMK:CUR;01/02/2021;1315;1315;1315;1315
USDMMK:CUR;29/01/2021;1327;1327;1327;1327
USDMMK:CUR;28/01/2021;1323;1323;1323;1323
USDMMK:CUR;27/01/2021;1327;1327;1327;1327
USDMMK:CUR;26/01/2021;1328;1328;1328;1328
USDMMK:CUR;25/01/2021;1330;1330;1330;1330
USDMMK:CUR;22/01/2021;1328;1328;1328;1328
USDMMK:CUR;21/01/2021;1330;1330;1329;1329
USDMMK:CUR;20/01/2021;1329;1329;1329;1329
USDMMK:CUR;19/01/2021;1327;1329;1327;1329
USDMMK:CUR;18/01/2021;1327;1327;1327;1327
USDMMK:CUR;15/01/2021;1327;1327;1327;1327
USDMMK:CUR;14/01/2021;1328;1328;1328;1328
USDMMK:CUR;13/01/2021;1327;1327;1327;1327
USDMMK:CUR;12/01/2021;1328;1328;1327;1327
USDMMK:CUR;11/01/2021;1323;1334;1323;1334
USDMMK:CUR;08/01/2021;1323;1325;1318;1325
USDMMK:CUR;07/01/2021;1323;1323;1315;1315
USDMMK:CUR;06/01/2021;1314;1314;1314;1314
USDMMK:CUR;05/01/2021;1320;1320;1318;1318
USDMMK:CUR;04/01/2021;1326;1326;1326;1326
USDMMK:CUR;01/01/2021;1326;1326;1326;1326
USDMMK:CUR;31/12/2020;1326;1326;1326;1326
USDMMK:CUR;30/12/2020;1324;1327;1323;1326
USDMMK:CUR;29/12/2020;1326;1327;1323;1327
USDMMK:CUR;28/12/2020;1328;1328;1325;1328
USDMMK:CUR;25/12/2020;1336;1336;1336;1336
USDMMK:CUR;24/12/2020;1333;1336;1333;1336
USDMMK:CUR;23/12/2020;1328;1333;1324;1333
USDMMK:CUR;22/12/2020;1328;1328;1325;1325
USDMMK:CUR;21/12/2020;1328;1328;1328;1328
USDMMK:CUR;18/12/2020;1340;1343;1340;1343
USDMMK:CUR;17/12/2020;1352;1352;1352;1352
USDMMK:CUR;16/12/2020;1368;1368;1355;1355
USDMMK:CUR;15/12/2020;1383;1383;1380;1380
USDMMK:CUR;14/12/2020;1347;1373;1347;1373
USDMMK:CUR;11/12/2020;1339;1346;1310;1346
USDMMK:CUR;10/12/2020;1315;1339;1315;1324
USDMMK:CUR;09/12/2020;1328;1328;1328;1328
USDMMK:CUR;08/12/2020;1319;1328;1319;1328
USDMMK:CUR;07/12/2020;1325;1325;1325;1325
USDMMK:CUR;04/12/2020;1319;1320;1312;1320
USDMMK:CUR;03/12/2020;1319;1320;1290;1320
USDMMK:CUR;02/12/2020;1320;1320;1320;1320
USDMMK:CUR;01/12/2020;1317;1317;1317;1317
USDMMK:CUR;30/11/2020;1312;1312;1312;1312
USDMMK:CUR;27/11/2020;1312;1312;1312;1312
USDMMK:CUR;26/11/2020;1311;1312;1311;1312
USDMMK:CUR;25/11/2020;1311;1311;1290;1290
USDMMK:CUR;24/11/2020;1309;1310;1309;1310
USDMMK:CUR;23/11/2020;1304;1304;1304;1304
USDMMK:CUR;20/11/2020;1302;1304;1302;1304
USDMMK:CUR;19/11/2020;1297;1305;1288;1305
USDMMK:CUR;18/11/2020;1294;1300;1294;1300
USDMMK:CUR;17/11/2020;1294;1297;1293;1296
USDMMK:CUR;16/11/2020;1291;1294;1291;1294
USDMMK:CUR;13/11/2020;1291;1291;1291;1291
USDMMK:CUR;12/11/2020;1292;1292;1291;1291
USDMMK:CUR;11/11/2020;1287;1294;1287;1294
USDMMK:CUR;10/11/2020;1287;1293;1287;1293
USDMMK:CUR;09/11/2020;1284;1284;1284;1284
USDMMK:CUR;06/11/2020;1285;1285;1285;1285
USDMMK:CUR;05/11/2020;1280;1285;1280;1285
USDMMK:CUR;04/11/2020;1284;1284;1284;1284
USDMMK:CUR;03/11/2020;1280;1280;1280;1280
USDMMK:CUR;02/11/2020;1284;1284;1284;1284
USDMMK:CUR;30/10/2020;1284;1284;1284;1284
USDMMK:CUR;29/10/2020;1284;1284;1284;1284
USDMMK:CUR;28/10/2020;1280;1284;1280;1284
USDMMK:CUR;27/10/2020;1280;1283;1280;1283
USDMMK:CUR;26/10/2020;1284;1284;1284;1284
USDMMK:CUR;23/10/2020;1284;1284;1284;1284
USDMMK:CUR;22/10/2020;1287;1289;1287;1289
USDMMK:CUR;21/10/2020;1288;1290;1288;1290
USDMMK:CUR;20/10/2020;1290;1290;1290;1290
USDMMK:CUR;19/10/2020;1292;1292;1288;1288
USDMMK:CUR;16/10/2020;1294;1294;1292;1292
USDMMK:CUR;15/10/2020;1298;1298;1298;1298
USDMMK:CUR;14/10/2020;1275;1300;1275;1300
USDMMK:CUR;13/10/2020;1290;1290;1290;1290
USDMMK:CUR;12/10/2020;1277;1277;1268;1268
USDMMK:CUR;09/10/2020;1274;1274;1274;1274
USDMMK:CUR;08/10/2020;1288;1288;1278;1278
USDMMK:CUR;07/10/2020;1288;1288;1288;1288
USDMMK:CUR;06/10/2020;1294;1294;1292;1293
USDMMK:CUR;05/10/2020;1304;1304;1299;1299
USDMMK:CUR;02/10/2020;1303;1303;1295;1295
USDMMK:CUR;01/10/2020;1305;1305;1305;1305
USDMMK:CUR;30/09/2020;1291;1305;1291;1305
USDMMK:CUR;29/09/2020;1294;1304;1294;1304
USDMMK:CUR;28/09/2020;1303;1303;1303;1303
USDMMK:CUR;25/09/2020;1295;1305;1295;1305
USDMMK:CUR;24/09/2020;1303;1305;1300;1305
USDMMK:CUR;23/09/2020;1312;1312;1300;1310
USDMMK:CUR;22/09/2020;1310;1312;1300;1300
USDMMK:CUR;21/09/2020;1314;1314;1314;1314
USDMMK:CUR;18/09/2020;1318;1318;1313;1313
USDMMK:CUR;17/09/2020;1316;1320;1303;1303
USDMMK:CUR;16/09/2020;1312;1316;1312;1316
USDMMK:CUR;15/09/2020;1324;1324;1312;1316
USDMMK:CUR;14/09/2020;1330;1330;1324;1324
USDMMK:CUR;11/09/2020;1328;1330;1318;1330
USDMMK:CUR;10/09/2020;1332;1332;1330;1330
USDMMK:CUR;09/09/2020;1329;1331;1329;1330
USDMMK:CUR;08/09/2020;1326;1330;1318;1330
USDMMK:CUR;07/09/2020;1328;1329;1328;1329
USDMMK:CUR;04/09/2020;1325;1328;1325;1328
USDMMK:CUR;03/09/2020;1323;1330;1316;1330
USDMMK:CUR;02/09/2020;1319;1322;1318;1321
USDMMK:CUR;01/09/2020;1327;1327;1318;1321
USDMMK:CUR;31/08/2020;1335;1335;1321;1325
USDMMK:CUR;28/08/2020;1330;1335;1328;1335
USDMMK:CUR;27/08/2020;1338;1343;1333;1335
USDMMK:CUR;26/08/2020;1342;1351;1340;1347
USDMMK:CUR;25/08/2020;1352;1352;1344;1350
USDMMK:CUR;24/08/2020;1347;1355;1347;1355
USDMMK:CUR;21/08/2020;1350;1360;1348;1353
USDMMK:CUR;20/08/2020;1356;1360;1353;1359
USDMMK:CUR;19/08/2020;1350;1359;1350;1358.5
USDMMK:CUR;18/08/2020;1348;1355;1348;1353
USDMMK:CUR;17/08/2020;1357;1362;1351;1355
USDMMK:CUR;14/08/2020;1358;1358.5;1349;1356
USDMMK:CUR;13/08/2020;1361;1363;1352;1358.5
USDMMK:CUR;12/08/2020;1363;1370;1361;1369
USDMMK:CUR;11/08/2020;1355;1365;1355;1365
USDMMK:CUR;10/08/2020;1355;1361;1352;1360
USDMMK:CUR;07/08/2020;1355;1355;1348;1348
USDMMK:CUR;06/08/2020;1349;1361;1345;1353
USDMMK:CUR;05/08/2020;1358;1358;1348;1353
USDMMK:CUR;04/08/2020;1375;1375;1351;1358
USDMMK:CUR;03/08/2020;1362;1362;1362;1362
USDMMK:CUR;31/07/2020;1362;1362;1362;1362
USDMMK:CUR;30/07/2020;1355;1362;1353;1362
USDMMK:CUR;29/07/2020;1357;1367;1353;1363
USDMMK:CUR;28/07/2020;1345;1360;1345;1356
USDMMK:CUR;27/07/2020;1375;1375;1345;1357
USDMMK:CUR;24/07/2020;1375;1375;1358;1364.5
USDMMK:CUR;23/07/2020;1375;1383;1368;1375
USDMMK:CUR;22/07/2020;1384;1384;1380;1384
USDMMK:CUR;21/07/2020;1376;1387;1376;1387
USDMMK:CUR;20/07/2020;1368;1368;1368;1368
USDMMK:CUR;17/07/2020;1372;1376;1368;1368
USDMMK:CUR;16/07/2020;1367;1376;1365;1365
USDMMK:CUR;15/07/2020;1365;1375;1364;1375
USDMMK:CUR;14/07/2020;1367;1371;1360;1371
USDMMK:CUR;13/07/2020;1365;1367;1358;1358
USDMMK:CUR;10/07/2020;1365;1365;1358;1358
USDMMK:CUR;09/07/2020;1363;1365;1355;1355
USDMMK:CUR;08/07/2020;1365;1368;1355;1355
USDMMK:CUR;07/07/2020;1363;1369;1360;1360
USDMMK:CUR;06/07/2020;1363;1369;1357;1358
USDMMK:CUR;03/07/2020;1363;1363;1358;1358
USDMMK:CUR;02/07/2020;1357;1361;1352;1352
USDMMK:CUR;01/07/2020;1367;1367;1355;1355
USDMMK:CUR;30/06/2020;1370;1370;1363;1368
USDMMK:CUR;29/06/2020;1375;1378;1370;1378
USDMMK:CUR;26/06/2020;1386;1386;1376;1378
USDMMK:CUR;25/06/2020;1389;1389;1378;1378
USDMMK:CUR;24/06/2020;1390;1390;1378;1378
USDMMK:CUR;23/06/2020;1390;1390;1380;1380
USDMMK:CUR;22/06/2020;1394;1394;1380;1392
USDMMK:CUR;19/06/2020;1396;1396;1382;1382
USDMMK:CUR;18/06/2020;1395;1395;1382;1389
USDMMK:CUR;17/06/2020;1397;1397;1389;1389
USDMMK:CUR;16/06/2020;1397;1399;1382;1397
USDMMK:CUR;15/06/2020;1382;1400;1382;1392
USDMMK:CUR;12/06/2020;1398;1399;1382;1397
USDMMK:CUR;11/06/2020;1396;1397;1388;1397
USDMMK:CUR;10/06/2020;1388;1398;1388;1393
USDMMK:CUR;09/06/2020;1405;1405;1392;1397
USDMMK:CUR;08/06/2020;1399;1405;1399;1400
USDMMK:CUR;05/06/2020;1401;1401;1382;1399
USDMMK:CUR;04/06/2020;1399;1402;1380;1401
USDMMK:CUR;03/06/2020;1380;1396;1380;1396
USDMMK:CUR;02/06/2020;1380;1394;1380;1394
USDMMK:CUR;01/06/2020;1401;1401;1382;1396
USDMMK:CUR;29/05/2020;1382;1398;1382;1398
USDMMK:CUR;28/05/2020;1401;1401;1382;1395
USDMMK:CUR;27/05/2020;1382;1403;1382;1403
USDMMK:CUR;26/05/2020;1385;1402;1385;1402
USDMMK:CUR;25/05/2020;1404;1404;1385;1400
USDMMK:CUR;22/05/2020;1382;1402;1382;1402
USDMMK:CUR;21/05/2020;1385;1403;1385;1403
USDMMK:CUR;20/05/2020;1385;1403;1385;1403
USDMMK:CUR;19/05/2020;1387;1404;1382;1401
USDMMK:CUR;18/05/2020;1395;1400;1382;1400
USDMMK:CUR;15/05/2020;1400;1400;1385;1400
USDMMK:CUR;14/05/2020;1406;1409;1385;1409
USDMMK:CUR;13/05/2020;1402;1410;1402;1410
USDMMK:CUR;12/05/2020;1397;1410;1397;1410
USDMMK:CUR;11/05/2020;1390;1395;1372;1395
USDMMK:CUR;08/05/2020;1390;1390;1390;1390
USDMMK:CUR;07/05/2020;1388;1393;1388;1393
USDMMK:CUR;06/05/2020;1387;1387;1387;1387
USDMMK:CUR;05/05/2020;1385;1390;1385;1387
USDMMK:CUR;04/05/2020;1417;1417;1388;1395
USDMMK:CUR;01/05/2020;1407;1407;1407;1407
USDMMK:CUR;30/04/2020;1400;1407;1400;1407
USDMMK:CUR;29/04/2020;1400;1410;1400;1410
USDMMK:CUR;28/04/2020;1405;1417;1405;1417
USDMMK:CUR;27/04/2020;1408;1410;1405;1410
USDMMK:CUR;24/04/2020;1425;1425;1408;1415
USDMMK:CUR;23/04/2020;1420;1438;1415;1425
USDMMK:CUR;22/04/2020;1417;1438;1417;1438
USDMMK:CUR;21/04/2020;1410;1431;1410;1431
USDMMK:CUR;20/04/2020;1415;1415;1395;1410
USDMMK:CUR;17/04/2020;1420;1420;1420;1420
USDMMK:CUR;16/04/2020;1420;1420;1420;1420
USDMMK:CUR;15/04/2020;1420;1420;1420;1420
USDMMK:CUR;14/04/2020;1420;1420;1420;1420
USDMMK:CUR;13/04/2020;1420;1420;1420;1420
USDMMK:CUR;10/04/2020;1420;1420;1420;1420
USDMMK:CUR;09/04/2020;1430;1430;1415;1420
USDMMK:CUR;08/04/2020;1430;1433;1430;1433
USDMMK:CUR;07/04/2020;1423;1450;1423;1440
USDMMK:CUR;06/04/2020;1400;1423;1400;1420
USDMMK:CUR;03/04/2020;1397;1400;1395;1400
USDMMK:CUR;02/04/2020;1385;1397;1384;1397
USDMMK:CUR;01/04/2020;1385;1385;1385;1385
USDMMK:CUR;31/03/2020;1385;1385;1380;1385
USDMMK:CUR;30/03/2020;1390;1390;1370;1380
USDMMK:CUR;27/03/2020;1395;1395;1395;1395
USDMMK:CUR;26/03/2020;1385;1395;1385;1395
USDMMK:CUR;25/03/2020;1370;1384;1370;1384
USDMMK:CUR;24/03/2020;1375;1396;1370;1396
USDMMK:CUR;23/03/2020;1410;1417;1390;1417
USDMMK:CUR;20/03/2020;1400;1420;1400;1420
USDMMK:CUR;19/03/2020;1425;1425;1405;1422
USDMMK:CUR;18/03/2020;1413;1425;1410;1425
USDMMK:CUR;17/03/2020;1400;1425;1400;1423
USDMMK:CUR;16/03/2020;1400;1400;1382;1398
USDMMK:CUR;13/03/2020;1385;1400;1370;1385
USDMMK:CUR;12/03/2020;1382;1385;1380;1380
USDMMK:CUR;11/03/2020;1328;1370;1328;1370
USDMMK:CUR;10/03/2020;1335;1355;1291;1328
USDMMK:CUR;09/03/2020;1355;1355;1355;1355
USDMMK:CUR;06/03/2020;1380;1380;1350;1355
USDMMK:CUR;05/03/2020;1385;1389;1380;1385
USDMMK:CUR;04/03/2020;1422;1422;1389;1390
USDMMK:CUR;03/03/2020;1424;1441;1420;1425
USDMMK:CUR;02/03/2020;1428;1428;1428;1428
USDMMK:CUR;28/02/2020;1430;1443;1427;1428
USDMMK:CUR;27/02/2020;1441;1441;1435;1439
USDMMK:CUR;26/02/2020;1437;1446;1437;1446
USDMMK:CUR;25/02/2020;1444;1448;1438;1448
USDMMK:CUR;24/02/2020;1444;1445;1442;1444
USDMMK:CUR;21/02/2020;1448;1448;1444;1444
USDMMK:CUR;20/02/2020;1449;1451;1444;1444
USDMMK:CUR;19/02/2020;1449;1449;1449;1449
USDMMK:CUR;18/02/2020;1438;1445;1438;1445
USDMMK:CUR;17/02/2020;1440;1443;1438;1442
USDMMK:CUR;14/02/2020;1441;1445;1441;1445
USDMMK:CUR;13/02/2020;1448;1448;1442;1442
USDMMK:CUR;12/02/2020;1449;1449;1449;1449
USDMMK:CUR;11/02/2020;1449;1449;1442;1449
USDMMK:CUR;10/02/2020;1449;1449;1446;1449
USDMMK:CUR;07/02/2020;1451;1451;1446;1449
USDMMK:CUR;06/02/2020;1448;1453;1448;1451
USDMMK:CUR;05/02/2020;1440;1448;1440;1448
USDMMK:CUR;04/02/2020;1453;1453;1437;1438
USDMMK:CUR;03/02/2020;1466;1466;1453;1456
USDMMK:CUR;31/01/2020;1461;1461;1461;1461
USDMMK:CUR;30/01/2020;1462;1462;1457;1462
USDMMK:CUR;29/01/2020;1463;1463;1458;1458
USDMMK:CUR;28/01/2020;1460;1463;1460;1463
USDMMK:CUR;27/01/2020;1460;1464;1460;1464
USDMMK:CUR;24/01/2020;1460;1465;1460;1465
USDMMK:CUR;23/01/2020;1460;1466;1460;1466
USDMMK:CUR;22/01/2020;1464;1468;1456;1466
USDMMK:CUR;21/01/2020;1463;1463;1460;1462
USDMMK:CUR;20/01/2020;1463;1463;1463;1463
USDMMK:CUR;17/01/2020;1458;1466;1458;1466
USDMMK:CUR;16/01/2020;1477;1477;1458;1467
USDMMK:CUR;15/01/2020;1477;1477;1477;1477
USDMMK:CUR;14/01/2020;1470;1478;1470;1477
USDMMK:CUR;13/01/2020;1480;1482;1470;1479
USDMMK:CUR;10/01/2020;1456;1482;1456;1458
USDMMK:CUR;09/01/2020;1467;1467;1467;1467
USDMMK:CUR;08/01/2020;1458;1458;1456;1456
USDMMK:CUR;07/01/2020;1461;1461;1461;1461
USDMMK:CUR;06/01/2020;1463;1463;1463;1463
USDMMK:CUR;03/01/2020;1465;1465;1462;1463
USDMMK:CUR;02/01/2020;1472;1472;1465;1468
USDMMK:CUR;01/01/2020;1472;1472;1472;1472
USDMMK:CUR;31/12/2019;1472;1472;1472;1472
USDMMK:CUR;30/12/2019;1482;1482;1472;1472
USDMMK:CUR;27/12/2019;1492;1492;1482;1483
USDMMK:CUR;26/12/2019;1491;1491;1491;1491
USDMMK:CUR;25/12/2019;1491;1491;1491;1491
USDMMK:CUR;24/12/2019;1485;1491;1485;1491
USDMMK:CUR;23/12/2019;1498;1498;1486;1494
USDMMK:CUR;20/12/2019;1490;1497;1490;1497
USDMMK:CUR;19/12/2019;1500;1503;1495;1495
USDMMK:CUR;18/12/2019;1498;1503;1498;1503
USDMMK:CUR;17/12/2019;1496;1503;1496;1503
USDMMK:CUR;16/12/2019;1504;1506;1497;1506
USDMMK:CUR;13/12/2019;1507;1507;1507;1507
USDMMK:CUR;12/12/2019;1513;1513;1513;1513
USDMMK:CUR;11/12/2019;1512;1512;1510;1510
USDMMK:CUR;10/12/2019;1494;1506;1494;1506
USDMMK:CUR;09/12/2019;1493;1501;1493;1501
USDMMK:CUR;06/12/2019;1492;1501.5;1492;1501.5
USDMMK:CUR;05/12/2019;1498;1500;1492;1497
USDMMK:CUR;04/12/2019;1498;1504;1498;1498
USDMMK:CUR;03/12/2019;1495;1502;1495;1502
USDMMK:CUR;02/12/2019;1504;1511;1503;1504
USDMMK:CUR;29/11/2019;1509;1511;1498;1505
USDMMK:CUR;28/11/2019;1511;1511;1500;1500
USDMMK:CUR;27/11/2019;1498;1512;1498;1504
USDMMK:CUR;26/11/2019;1512;1512;1502;1511
USDMMK:CUR;25/11/2019;1515;1515;1506;1513
USDMMK:CUR;22/11/2019;1514;1514;1514;1514
USDMMK:CUR;21/11/2019;1515;1515;1515;1515
USDMMK:CUR;20/11/2019;1500;1515;1500;1515
USDMMK:CUR;19/11/2019;1513;1515;1500;1515
USDMMK:CUR;18/11/2019;1498;1515;1498;1515
USDMMK:CUR;15/11/2019;1512;1515;1512;1513
USDMMK:CUR;14/11/2019;1516;1516;1500;1515
USDMMK:CUR;13/11/2019;1518;1518;1514;1517
USDMMK:CUR;12/11/2019;1515;1515;1515;1515
USDMMK:CUR;11/11/2019;1515;1515;1515;1515
USDMMK:CUR;08/11/2019;1511;1515;1511;1515
USDMMK:CUR;07/11/2019;1514;1517.5;1514;1517.5
USDMMK:CUR;06/11/2019;1510;1515;1510;1515
USDMMK:CUR;05/11/2019;1510.5;1510.5;1510;1510
USDMMK:CUR;04/11/2019;1515;1515;1510;1510
USDMMK:CUR;01/11/2019;1521;1521;1519;1520
USDMMK:CUR;31/10/2019;1523;1524;1522;1524
USDMMK:CUR;30/10/2019;1527;1528;1503;1528
USDMMK:CUR;29/10/2019;1532;1532;1527;1527
USDMMK:CUR;28/10/2019;1529;1529;1529;1529
USDMMK:CUR;25/10/2019;1532;1532;1508;1529
USDMMK:CUR;24/10/2019;1532;1532.5;1532;1532
USDMMK:CUR;23/10/2019;1508;1534.5;1508;1534
USDMMK:CUR;22/10/2019;1533;1534.5;1508;1532
USDMMK:CUR;21/10/2019;1528;1532;1505;1530
USDMMK:CUR;18/10/2019;1528;1530;1528;1530
USDMMK:CUR;17/10/2019;1532;1532;1532;1532
USDMMK:CUR;16/10/2019;1530;1530;1530;1530
USDMMK:CUR;15/10/2019;1528;1528;1528;1528
USDMMK:CUR;14/10/2019;1528;1528;1528;1528
USDMMK:CUR;11/10/2019;1528;1528;1528;1528
USDMMK:CUR;10/10/2019;1530;1530;1528;1528
USDMMK:CUR;09/10/2019;1530;1530;1508;1508
USDMMK:CUR;08/10/2019;1530;1530;1510;1510
USDMMK:CUR;07/10/2019;1510;1530;1510;1530
USDMMK:CUR;04/10/2019;1532;1532;1532;1532
USDMMK:CUR;03/10/2019;1529;1530;1529;1530
USDMMK:CUR;02/10/2019;1530;1531;1530;1531
USDMMK:CUR;01/10/2019;1530;1530;1530;1530
USDMMK:CUR;30/09/2019;1530;1530;1505;1530
USDMMK:CUR;27/09/2019;1529;1530;1505;1530
USDMMK:CUR;26/09/2019;1529;1531;1529;1529
USDMMK:CUR;25/09/2019;1530;1530;1505;1530
USDMMK:CUR;24/09/2019;1530;1531;1505;1530
USDMMK:CUR;23/09/2019;1531;1532;1505;1505
USDMMK:CUR;20/09/2019;1534;1534;1505;1531
USDMMK:CUR;19/09/2019;1535;1535;1508;1531
USDMMK:CUR;18/09/2019;1533;1534;1508;1532
USDMMK:CUR;17/09/2019;1529;1532;1508;1531
USDMMK:CUR;16/09/2019;1527;1531;1508;1528
USDMMK:CUR;13/09/2019;1527;1527;1527;1527
USDMMK:CUR;12/09/2019;1530;1530;1525;1525
USDMMK:CUR;11/09/2019;1522;1528;1522;1527
USDMMK:CUR;10/09/2019;1523;1523;1523;1523
USDMMK:CUR;09/09/2019;1530;1533;1510;1533
USDMMK:CUR;06/09/2019;1540;1540;1510;1510
USDMMK:CUR;05/09/2019;1534;1537;1534;1537
USDMMK:CUR;04/09/2019;1520;1528;1520;1528
USDMMK:CUR;03/09/2019;1525;1533;1520;1520
USDMMK:CUR;02/09/2019;1519;1520;1502;1520
USDMMK:CUR;30/08/2019;1504;1520;1504;1520
USDMMK:CUR;29/08/2019;1505;1519;1504;1519
USDMMK:CUR;28/08/2019;1505;1518;1505;1518
USDMMK:CUR;27/08/2019;1505;1516;1505;1516
USDMMK:CUR;26/08/2019;1503;1515;1503;1515
USDMMK:CUR;23/08/2019;1505;1517;1505;1517
USDMMK:CUR;22/08/2019;1516;1518;1506;1518
USDMMK:CUR;21/08/2019;1509;1519;1509;1519
USDMMK:CUR;20/08/2019;1509;1521;1509;1521
USDMMK:CUR;19/08/2019;1506;1521.5;1506;1521.5
USDMMK:CUR;16/08/2019;1515;1516;1515;1516
USDMMK:CUR;15/08/2019;1509;1515;1509;1515
USDMMK:CUR;14/08/2019;1507;1511;1507;1511
USDMMK:CUR;13/08/2019;1508;1508;1508;1508
USDMMK:CUR;12/08/2019;1508;1508;1508;1508
USDMMK:CUR;09/08/2019;1507;1508;1507;1508
USDMMK:CUR;08/08/2019;1508;1508;1507;1507
USDMMK:CUR;07/08/2019;1504;1508.5;1504;1507
USDMMK:CUR;06/08/2019;1505;1509;1505;1508
USDMMK:CUR;05/08/2019;1507;1511;1502;1502
USDMMK:CUR;02/08/2019;1509;1511;1502;1511
USDMMK:CUR;01/08/2019;1506;1510;1502;1510
USDMMK:CUR;31/07/2019;1500;1506;1500;1506
USDMMK:CUR;30/07/2019;1506;1507;1505;1507
USDMMK:CUR;29/07/2019;1505;1506;1504;1506
USDMMK:CUR;26/07/2019;1507;1508;1507;1508
USDMMK:CUR;25/07/2019;1507;1509;1507;1509
USDMMK:CUR;24/07/2019;1503;1510;1503;1510
USDMMK:CUR;23/07/2019;1504;1508;1504;1508
USDMMK:CUR;22/07/2019;1507;1507;1503;1503
USDMMK:CUR;19/07/2019;1502;1502;1502;1502
USDMMK:CUR;18/07/2019;1510;1512;1502;1502
USDMMK:CUR;17/07/2019;1510;1512;1502;1511
USDMMK:CUR;16/07/2019;1508;1508;1508;1508
USDMMK:CUR;15/07/2019;1505;1508;1505;1508
USDMMK:CUR;12/07/2019;1508;1508;1508;1508
USDMMK:CUR;11/07/2019;1510;1510;1505;1510
USDMMK:CUR;10/07/2019;1502;1510;1502;1510
USDMMK:CUR;09/07/2019;1507;1507;1506;1507
USDMMK:CUR;08/07/2019;1505;1505;1505;1505
USDMMK:CUR;05/07/2019;1505;1515;1501;1501
USDMMK:CUR;04/07/2019;1504;1504;1504;1504
USDMMK:CUR;03/07/2019;1509;1509;1509;1509
USDMMK:CUR;02/07/2019;1512;1512;1512;1512
USDMMK:CUR;01/07/2019;1512;1512;1512;1512
USDMMK:CUR;28/06/2019;1513;1513;1512;1513
USDMMK:CUR;27/06/2019;1514;1515;1512;1515
USDMMK:CUR;26/06/2019;1509;1515;1509;1515
USDMMK:CUR;25/06/2019;1513;1522;1509;1511
USDMMK:CUR;24/06/2019;1518;1518;1518;1518
USDMMK:CUR;21/06/2019;1517;1517;1517;1517
USDMMK:CUR;20/06/2019;1519.5;1520;1519.5;1520
USDMMK:CUR;19/06/2019;1522;1526;1522;1526
USDMMK:CUR;18/06/2019;1523;1528;1523;1528
USDMMK:CUR;17/06/2019;1523;1528;1522;1528
USDMMK:CUR;14/06/2019;1519;1526;1515;1515
USDMMK:CUR;13/06/2019;1523;1525;1523;1525
USDMMK:CUR;12/06/2019;1530;1530;1516;1528
USDMMK:CUR;11/06/2019;1525;1532;1517;1517
USDMMK:CUR;10/06/2019;1521;1525;1521;1525
USDMMK:CUR;07/06/2019;1520;1523;1519;1521
USDMMK:CUR;06/06/2019;1522;1522;1517;1517
USDMMK:CUR;05/06/2019;1520;1527;1518;1525
USDMMK:CUR;04/06/2019;1523;1527;1518;1525
USDMMK:CUR;03/06/2019;1521;1529;1517;1517
USDMMK:CUR;31/05/2019;1523;1530;1523;1525
USDMMK:CUR;30/05/2019;1526;1533;1517;1517
USDMMK:CUR;29/05/2019;1525;1534;1515;1532
USDMMK:CUR;28/05/2019;1521;1532;1521;1532
USDMMK:CUR;27/05/2019;1524;1534;1516;1516
USDMMK:CUR;24/05/2019;1527;1534;1514;1534
USDMMK:CUR;23/05/2019;1527;1538;1515;1537
USDMMK:CUR;22/05/2019;1530;1536;1530;1536
USDMMK:CUR;21/05/2019;1531;1541;1515;1535
USDMMK:CUR;20/05/2019;1533;1533;1533;1533
USDMMK:CUR;17/05/2019;1523;1537;1522;1533
USDMMK:CUR;16/05/2019;1530;1539;1518;1536
USDMMK:CUR;15/05/2019;1535;1541.5;1518;1538
USDMMK:CUR;14/05/2019;1540;1540;1540;1540
USDMMK:CUR;13/05/2019;1524;1535;1524;1535
USDMMK:CUR;10/05/2019;1521;1530;1515;1530
USDMMK:CUR;09/05/2019;1517;1526;1517;1525
USDMMK:CUR;08/05/2019;1517;1523;1513;1523
USDMMK:CUR;07/05/2019;1511;1520;1511;1520
USDMMK:CUR;06/05/2019;1510;1525;1510;1522
USDMMK:CUR;03/05/2019;1511;1518;1511;1518
USDMMK:CUR;02/05/2019;1511;1519;1511;1515.5
USDMMK:CUR;01/05/2019;1519;1519;1519;1519
USDMMK:CUR;30/04/2019;1519;1519;1519;1519
USDMMK:CUR;29/04/2019;1510;1521;1510;1521
USDMMK:CUR;26/04/2019;1512;1520;1512;1520
USDMMK:CUR;25/04/2019;1512;1523;1512;1521
USDMMK:CUR;24/04/2019;1523;1528;1523;1528
USDMMK:CUR;23/04/2019;1517;1535;1517;1532
USDMMK:CUR;22/04/2019;1510;1525;1510;1525
USDMMK:CUR;19/04/2019;1506;1522;1506;1507
USDMMK:CUR;18/04/2019;1507;1518;1507;1518
USDMMK:CUR;17/04/2019;1514;1514;1514;1514
USDMMK:CUR;16/04/2019;1514;1514;1514;1514
USDMMK:CUR;15/04/2019;1514;1514;1514;1514
USDMMK:CUR;12/04/2019;1514;1514;1514;1514
USDMMK:CUR;11/04/2019;1505;1512;1505;1512
USDMMK:CUR;10/04/2019;1495;1509;1495;1509
USDMMK:CUR;09/04/2019;1500;1503;1500;1503
USDMMK:CUR;08/04/2019;1499;1505;1495;1505
USDMMK:CUR;05/04/2019;1503;1503;1499;1503
USDMMK:CUR;04/04/2019;1503;1505;1503;1505
USDMMK:CUR;03/04/2019;1505;1505;1505;1505
USDMMK:CUR;02/04/2019;1504;1507;1504;1507
USDMMK:CUR;01/04/2019;1512;1512;1512;1512
USDMMK:CUR;29/03/2019;1512;1512;1512;1512
USDMMK:CUR;28/03/2019;1509;1518;1509;1518
USDMMK:CUR;27/03/2019;1517;1517;1517;1517
USDMMK:CUR;26/03/2019;1495;1517;1495;1517
USDMMK:CUR;25/03/2019;1520;1520;1510;1520
USDMMK:CUR;22/03/2019;1526;1536;1507;1520
USDMMK:CUR;21/03/2019;1519;1530;1512;1525
USDMMK:CUR;20/03/2019;1538;1538;1538;1538
USDMMK:CUR;19/03/2019;1519;1538;1519;1538
USDMMK:CUR;18/03/2019;1516;1535;1516;1535
USDMMK:CUR;15/03/2019;1515;1530;1515;1530
USDMMK:CUR;14/03/2019;1515;1528;1511;1528
USDMMK:CUR;13/03/2019;1505;1519;1505;1519
USDMMK:CUR;12/03/2019;1504;1515;1504;1515
USDMMK:CUR;11/03/2019;1509;1518;1504;1516
USDMMK:CUR;08/03/2019;1516;1516;1516;1516
USDMMK:CUR;07/03/2019;1505;1514;1505;1514
USDMMK:CUR;06/03/2019;1505;1512;1505;1512
USDMMK:CUR;05/03/2019;1505;1519;1505;1516
USDMMK:CUR;04/03/2019;1505;1517;1505;1517
USDMMK:CUR;01/03/2019;1500;1508;1495;1508
USDMMK:CUR;28/02/2019;1500;1536;1500;1500
USDMMK:CUR;27/02/2019;1505;1518;1505;1518
USDMMK:CUR;26/02/2019;1515;1525;1510;1518
USDMMK:CUR;25/02/2019;1520;1530;1515;1523
USDMMK:CUR;22/02/2019;1533;1533;1520;1525
USDMMK:CUR;21/02/2019;1520;1529;1520;1529
USDMMK:CUR;20/02/2019;1531;1531;1531;1531
USDMMK:CUR;19/02/2019;1514;1535;1514;1528
USDMMK:CUR;18/02/2019;1533;1533;1524;1524
USDMMK:CUR;15/02/2019;1522;1532;1520;1528
USDMMK:CUR;14/02/2019;1522;1536;1522;1530
USDMMK:CUR;13/02/2019;1525;1537;1525;1537
USDMMK:CUR;12/02/2019;1537;1537;1537;1537
USDMMK:CUR;11/02/2019;1525;1537;1525;1537
USDMMK:CUR;08/02/2019;1523;1538;1523;1536
USDMMK:CUR;07/02/2019;1520;1532;1520;1526
USDMMK:CUR;06/02/2019;1513;1517;1505;1517
USDMMK:CUR;05/02/2019;1510;1517;1510;1517
USDMMK:CUR;04/02/2019;1509;1517;1509;1517
USDMMK:CUR;01/02/2019;1505;1517;1505;1505
USDMMK:CUR;31/01/2019;1505;1516.5;1505;1516.5
USDMMK:CUR;30/01/2019;1510;1517;1510;1517
USDMMK:CUR;29/01/2019;1514;1520;1500;1500
USDMMK:CUR;28/01/2019;1512;1524;1512;1524
USDMMK:CUR;25/01/2019;1531.5;1531.5;1516;1516
USDMMK:CUR;24/01/2019;1525;1532;1525;1530
USDMMK:CUR;23/01/2019;1525;1535;1525;1525
USDMMK:CUR;22/01/2019;1529;1538.5;1529;1538
USDMMK:CUR;21/01/2019;1536;1536;1536;1536
USDMMK:CUR;18/01/2019;1535;1545.5;1530;1530
USDMMK:CUR;17/01/2019;1520;1542;1520;1537
USDMMK:CUR;16/01/2019;1511;1525;1511;1521
USDMMK:CUR;15/01/2019;1500;1519;1498;1516
USDMMK:CUR;14/01/2019;1524;1524;1517;1517
USDMMK:CUR;11/01/2019;1522;1524;1522;1524
USDMMK:CUR;10/01/2019;1527;1527;1526;1526
USDMMK:CUR;09/01/2019;1535;1535;1526;1534
USDMMK:CUR;08/01/2019;1536;1536;1528;1533
USDMMK:CUR;07/01/2019;1531;1536;1531;1536
USDMMK:CUR;04/01/2019;1542;1542;1542;1542
USDMMK:CUR;03/01/2019;1530;1542;1530;1542
USDMMK:CUR;02/01/2019;1535;1542;1530;1540
USDMMK:CUR;01/01/2019;1540;1540;1540;1540
USDMMK:CUR;31/12/2018;1540;1540;1540;1540
USDMMK:CUR;28/12/2018;1540;1540;1540;1540
USDMMK:CUR;27/12/2018;1552;1552;1535;1550
USDMMK:CUR;26/12/2018;1545;1563;1545;1558
USDMMK:CUR;25/12/2018;1564;1564;1564;1564
USDMMK:CUR;24/12/2018;1555;1564;1555;1564
USDMMK:CUR;21/12/2018;1572;1572;1563;1567
USDMMK:CUR;20/12/2018;1572;1573;1564;1573
USDMMK:CUR;19/12/2018;1575;1575;1555;1568
USDMMK:CUR;18/12/2018;1565;1580;1565;1576
USDMMK:CUR;17/12/2018;1565;1589;1565;1581
USDMMK:CUR;14/12/2018;1579;1579;1560;1560
USDMMK:CUR;13/12/2018;1575;1585;1574;1574
USDMMK:CUR;12/12/2018;1579;1592;1568;1585
USDMMK:CUR;11/12/2018;1569;1572;1550;1569
USDMMK:CUR;10/12/2018;1558;1563;1550;1560
USDMMK:CUR;07/12/2018;1566;1572;1540;1558
USDMMK:CUR;06/12/2018;1535;1556;1535;1556
USDMMK:CUR;05/12/2018;1537;1545;1512;1538
USDMMK:CUR;04/12/2018;1570;1570;1515;1515
USDMMK:CUR;03/12/2018;1593;1593;1555;1559
USDMMK:CUR;30/11/2018;1593;1593;1577;1577
USDMMK:CUR;29/11/2018;1593;1593;1578;1589
USDMMK:CUR;28/11/2018;1580;1600;1579;1593
USDMMK:CUR;27/11/2018;1585;1599;1579;1590
USDMMK:CUR;26/11/2018;1585;1595;1583;1583
USDMMK:CUR;23/11/2018;1600;1600;1589;1599
USDMMK:CUR;22/11/2018;1590;1590;1590;1590
USDMMK:CUR;21/11/2018;1590;1590;1590;1590
USDMMK:CUR;20/11/2018;1593;1601;1580;1590
USDMMK:CUR;19/11/2018;1582;1601;1582;1601
USDMMK:CUR;16/11/2018;1586;1602;1586;1598
USDMMK:CUR;15/11/2018;1604;1605;1590;1605
USDMMK:CUR;14/11/2018;1588;1606;1588;1604
USDMMK:CUR;13/11/2018;1600;1605;1583;1604
USDMMK:CUR;12/11/2018;1584;1600;1580;1600
USDMMK:CUR;09/11/2018;1582;1595;1572;1572
USDMMK:CUR;08/11/2018;1575;1594;1575;1590
USDMMK:CUR;07/11/2018;1585;1585;1585;1585
USDMMK:CUR;06/11/2018;1582;1585;1578;1585
USDMMK:CUR;05/11/2018;1582;1595;1582;1593
USDMMK:CUR;02/11/2018;1605;1605;1590;1600
USDMMK:CUR;01/11/2018;1590;1607;1580;1605
USDMMK:CUR;31/10/2018;1590;1608;1587;1600
USDMMK:CUR;30/10/2018;1590;1608;1577;1603
USDMMK:CUR;29/10/2018;1568;1593;1568;1580
USDMMK:CUR;26/10/2018;1593;1593;1565;1580
USDMMK:CUR;25/10/2018;1580;1580;1580;1580
USDMMK:CUR;24/10/2018;1580;1580;1580;1580
USDMMK:CUR;23/10/2018;1580;1580;1580;1580
USDMMK:CUR;22/10/2018;1573;1580;1573;1580
USDMMK:CUR;19/10/2018;1585;1589;1578;1589
USDMMK:CUR;18/10/2018;1585;1588;1575;1580
USDMMK:CUR;17/10/2018;1593;1594;1555;1580
USDMMK:CUR;16/10/2018;1585;1597;1570;1597
USDMMK:CUR;15/10/2018;1565;1592;1565;1587
USDMMK:CUR;12/10/2018;1590;1600;1562;1590
USDMMK:CUR;11/10/2018;1602;1610;1560;1610
USDMMK:CUR;10/10/2018;1550;1597;1550;1597
USDMMK:CUR;09/10/2018;1520;1585;1520;1560
USDMMK:CUR;08/10/2018;1520;1563;1515;1545
USDMMK:CUR;05/10/2018;1515;1525;1490;1525
USDMMK:CUR;04/10/2018;1510;1524;1510;1515
USDMMK:CUR;03/10/2018;1525;1537;1510;1520
USDMMK:CUR;02/10/2018;1528;1537;1525;1530
USDMMK:CUR;01/10/2018;1555;1556;1555;1556
USDMMK:CUR;28/09/2018;1555;1583;1550;1550
USDMMK:CUR;27/09/2018;1580;1583;1550;1583
USDMMK:CUR;26/09/2018;1587;1602;1575;1593
USDMMK:CUR;25/09/2018;1586;1606;1580;1592
USDMMK:CUR;24/09/2018;1630;1630;1586;1600
USDMMK:CUR;21/09/2018;1610;1625;1584;1625
USDMMK:CUR;20/09/2018;1580;1647.5;1580;1600
USDMMK:CUR;19/09/2018;1555;1601;1550;1570
USDMMK:CUR;18/09/2018;1555;1572;1550;1550
USDMMK:CUR;17/09/2018;1555;1565;1554;1565
USDMMK:CUR;14/09/2018;1550;1560;1533;1535
USDMMK:CUR;13/09/2018;1555;1557;1550;1555
USDMMK:CUR;12/09/2018;1551;1558;1550;1550
USDMMK:CUR;11/09/2018;1540;1555;1540;1555
USDMMK:CUR;10/09/2018;1530;1547;1530;1540
USDMMK:CUR;07/09/2018;1540;1545;1538;1540
USDMMK:CUR;06/09/2018;1540;1545;1536;1545
USDMMK:CUR;05/09/2018;1530;1545;1525;1540
USDMMK:CUR;04/09/2018;1535;1536;1530;1536
USDMMK:CUR;03/09/2018;1525;1542.5;1510;1542.5
USDMMK:CUR;31/08/2018;1525;1525;1510;1512
USDMMK:CUR;30/08/2018;1530;1538;1520;1525
USDMMK:CUR;29/08/2018;1525;1546;1515;1535
USDMMK:CUR;28/08/2018;1525;1561;1510;1536
USDMMK:CUR;27/08/2018;1530;1530;1495;1525
USDMMK:CUR;24/08/2018;1483;1540;1483;1540
USDMMK:CUR;23/08/2018;1500;1515;1483;1515
USDMMK:CUR;22/08/2018;1507;1507;1507;1507
USDMMK:CUR;21/08/2018;1510;1510;1485;1507
USDMMK:CUR;20/08/2018;1520;1520;1480;1515
USDMMK:CUR;17/08/2018;1525;1530;1485;1517
USDMMK:CUR;16/08/2018;1523;1523;1523;1523
USDMMK:CUR;15/08/2018;1481;1513;1481;1510
USDMMK:CUR;14/08/2018;1476;1490;1465;1490
USDMMK:CUR;13/08/2018;1453;1480;1453;1478
USDMMK:CUR;10/08/2018;1453;1471;1449;1467
USDMMK:CUR;09/08/2018;1463;1469;1456;1469
USDMMK:CUR;08/08/2018;1450;1474;1446;1469
USDMMK:CUR;07/08/2018;1448;1467;1446;1466
USDMMK:CUR;06/08/2018;1440;1464.5;1440;1463
USDMMK:CUR;03/08/2018;1455;1466;1448;1466
USDMMK:CUR;02/08/2018;1457;1459;1455;1457
USDMMK:CUR;01/08/2018;1456;1459;1454;1455
USDMMK:CUR;31/07/2018;1452;1458;1452;1455
USDMMK:CUR;30/07/2018;1449;1455;1449;1450
USDMMK:CUR;27/07/2018;1449;1449;1449;1449
USDMMK:CUR;26/07/2018;1451;1451;1449;1449
USDMMK:CUR;25/07/2018;1457;1457;1446;1446
USDMMK:CUR;24/07/2018;1442;1450;1440;1440
USDMMK:CUR;23/07/2018;1443;1446;1443;1446
USDMMK:CUR;20/07/2018;1418;1444;1418;1444
USDMMK:CUR;19/07/2018;1433;1433;1433;1433
USDMMK:CUR;18/07/2018;1417;1435;1415;1433
USDMMK:CUR;17/07/2018;1410;1434;1410;1428
USDMMK:CUR;16/07/2018;1418;1428;1408;1422
USDMMK:CUR;13/07/2018;1422;1422;1422;1422
USDMMK:CUR;12/07/2018;1399;1421;1399;1421
USDMMK:CUR;11/07/2018;1397;1416;1397;1416
USDMMK:CUR;10/07/2018;1393;1415;1393;1411
USDMMK:CUR;09/07/2018;1391;1410;1391;1408
USDMMK:CUR;06/07/2018;1390;1411;1390;1406
USDMMK:CUR;05/07/2018;1398;1410;1390;1405
USDMMK:CUR;04/07/2018;1412;1412;1389;1410
USDMMK:CUR;03/07/2018;1388;1408;1388;1405
USDMMK:CUR;02/07/2018;1400;1404.5;1398;1404.5
USDMMK:CUR;29/06/2018;1405;1410;1405;1410
USDMMK:CUR;28/06/2018;1398;1419;1398;1415
USDMMK:CUR;27/06/2018;1382;1407;1382;1407
USDMMK:CUR;26/06/2018;1388;1388;1371;1388
USDMMK:CUR;25/06/2018;1368;1385;1368;1385
USDMMK:CUR;22/06/2018;1371;1384;1366;1384
USDMMK:CUR;21/06/2018;1370;1385;1366;1379
USDMMK:CUR;20/06/2018;1363;1376;1363;1374
USDMMK:CUR;19/06/2018;1365;1373;1356;1369
USDMMK:CUR;18/06/2018;1359;1373;1349;1365
USDMMK:CUR;15/06/2018;1350;1364;1349;1349
USDMMK:CUR;14/06/2018;1359;1363.5;1348;1348
USDMMK:CUR;13/06/2018;1358;1362;1345;1346
USDMMK:CUR;12/06/2018;1355;1358;1343;1345
USDMMK:CUR;11/06/2018;1342;1355;1342;1353
USDMMK:CUR;08/06/2018;1355;1355;1340;1344
USDMMK:CUR;07/06/2018;1353;1354;1340;1345
USDMMK:CUR;06/06/2018;1345;1355;1341;1345
USDMMK:CUR;05/06/2018;1354;1356;1341;1346
USDMMK:CUR;04/06/2018;1345;1355;1340;1345
USDMMK:CUR;01/06/2018;1354;1355;1339;1346
USDMMK:CUR;31/05/2018;1346;1356;1345;1345
USDMMK:CUR;30/05/2018;1354;1356;1345;1345
USDMMK:CUR;29/05/2018;1354;1354;1343;1346
USDMMK:CUR;28/05/2018;1354;1356;1345;1356
USDMMK:CUR;25/05/2018;1350;1356;1343;1346
USDMMK:CUR;24/05/2018;1350;1356;1340;1343
USDMMK:CUR;23/05/2018;1350;1355;1340;1343
USDMMK:CUR;22/05/2018;1350;1355.5;1341;1341
USDMMK:CUR;21/05/2018;1348;1355;1338;1338
USDMMK:CUR;18/05/2018;1348;1351;1334;1350
USDMMK:CUR;17/05/2018;1344;1352;1334;1348
USDMMK:CUR;16/05/2018;1344;1350;1333;1350
USDMMK:CUR;15/05/2018;1342;1345;1332;1332
USDMMK:CUR;14/05/2018;1342;1345;1332;1332
USDMMK:CUR;11/05/2018;1333;1345;1332;1332
USDMMK:CUR;10/05/2018;1340;1345;1332;1332
USDMMK:CUR;09/05/2018;1333;1342;1330;1330
USDMMK:CUR;08/05/2018;1344;1344;1332;1335
USDMMK:CUR;07/05/2018;1333;1343;1332;1340
USDMMK:CUR;04/05/2018;1344;1344;1333;1333
USDMMK:CUR;03/05/2018;1344;1345;1333;1333
USDMMK:CUR;02/05/2018;1335;1344;1329;1330
USDMMK:CUR;01/05/2018;1335;1335;1330;1330
USDMMK:CUR;30/04/2018;1332;1344;1329;1330
USDMMK:CUR;27/04/2018;1335;1343;1325;1325
USDMMK:CUR;26/04/2018;1335;1341;1327;1331
USDMMK:CUR;25/04/2018;1328;1334;1323;1325
USDMMK:CUR;24/04/2018;1328;1333;1320;1320
USDMMK:CUR;23/04/2018;1328;1331;1320;1320
USDMMK:CUR;20/04/2018;1321;1331;1320;1320
USDMMK:CUR;19/04/2018;1327;1330;1317;1320
USDMMK:CUR;18/04/2018;1327;1327;1317;1320
USDMMK:CUR;17/04/2018;1320;1322;1320;1322
USDMMK:CUR;16/04/2018;1322;1322;1322;1322
USDMMK:CUR;13/04/2018;1322;1322;1320;1320
USDMMK:CUR;12/04/2018;1328;1328;1317;1321
USDMMK:CUR;11/04/2018;1326;1328;1318;1318
USDMMK:CUR;10/04/2018;1326;1329;1319;1326
USDMMK:CUR;09/04/2018;1328;1330;1320;1329
USDMMK:CUR;06/04/2018;1321;1326;1321;1325
USDMMK:CUR;05/04/2018;1329;1329;1325;1326
USDMMK:CUR;04/04/2018;1328;1330;1323;1327
USDMMK:CUR;03/04/2018;1332;1332;1328;1328
USDMMK:CUR;02/04/2018;1332;1333;1322;1331
USDMMK:CUR;30/03/2018;1332;1332.5;1324;1331
USDMMK:CUR;29/03/2018;1334;1338;1330;1330
USDMMK:CUR;28/03/2018;1337;1337;1324;1332
USDMMK:CUR;27/03/2018;1335;1335;1335;1335
USDMMK:CUR;26/03/2018;1339;1339;1325;1335
USDMMK:CUR;23/03/2018;1337;1339;1326;1337
USDMMK:CUR;22/03/2018;1337;1339;1327;1339
USDMMK:CUR;21/03/2018;1338;1340.5;1327;1340
USDMMK:CUR;20/03/2018;1338;1340;1338;1340
USDMMK:CUR;19/03/2018;1339;1340;1326;1338.5
USDMMK:CUR;16/03/2018;1325;1340;1325;1339
USDMMK:CUR;15/03/2018;1338;1340;1325;1337
USDMMK:CUR;14/03/2018;1337;1340;1323;1340
USDMMK:CUR;13/03/2018;1337;1339;1336;1338
USDMMK:CUR;12/03/2018;1336;1338;1322;1337
USDMMK:CUR;09/03/2018;1324;1340;1321;1340
USDMMK:CUR;08/03/2018;1321;1341;1321;1336
USDMMK:CUR;07/03/2018;1324;1337;1322;1335
USDMMK:CUR;06/03/2018;1337;1337;1336;1336
USDMMK:CUR;05/03/2018;1326;1338;1323;1336
USDMMK:CUR;02/03/2018;1338;1338;1338;1338
USDMMK:CUR;01/03/2018;1338;1338;1338;1338
USDMMK:CUR;28/02/2018;1335;1340.5;1326;1338
USDMMK:CUR;27/02/2018;1330;1339.5;1330;1339.5
USDMMK:CUR;26/02/2018;1338;1342;1328;1338
USDMMK:CUR;23/02/2018;1330;1340;1328;1337
USDMMK:CUR;22/02/2018;1328;1339;1325;1339
USDMMK:CUR;21/02/2018;1328;1329;1322;1329
USDMMK:CUR;20/02/2018;1318;1328;1318;1318
USDMMK:CUR;19/02/2018;1325;1325;1315;1324
USDMMK:CUR;16/02/2018;1326;1328;1318;1328
USDMMK:CUR;15/02/2018;1316;1328;1316;1328
USDMMK:CUR;14/02/2018;1327;1327;1317;1325
USDMMK:CUR;13/02/2018;1328;1330;1323;1325
USDMMK:CUR;12/02/2018;1328;1328;1328;1328
USDMMK:CUR;09/02/2018;1325;1330;1323;1328
USDMMK:CUR;08/02/2018;1324;1330;1321;1330
USDMMK:CUR;07/02/2018;1322;1329;1321;1329
USDMMK:CUR;06/02/2018;1327;1327;1320;1325
USDMMK:CUR;05/02/2018;1327;1328;1323;1328
USDMMK:CUR;02/02/2018;1323;1338;1322;1328.5
USDMMK:CUR;01/02/2018;1322;1338;1322;1327
USDMMK:CUR;31/01/2018;1325;1338;1319;1329
USDMMK:CUR;30/01/2018;1319;1329;1319;1329
USDMMK:CUR;29/01/2018;1328;1339;1318;1329
USDMMK:CUR;26/01/2018;1338;1339;1322;1331
USDMMK:CUR;25/01/2018;1325;1339;1324;1338
USDMMK:CUR;24/01/2018;1329;1340;1329;1338
USDMMK:CUR;23/01/2018;1332;1343.5;1332;1343.5
USDMMK:CUR;22/01/2018;1345;1346;1337;1346
USDMMK:CUR;19/01/2018;1341;1347.5;1341;1346
USDMMK:CUR;18/01/2018;1345;1349;1339;1346
USDMMK:CUR;17/01/2018;1340;1345;1339;1340
USDMMK:CUR;16/01/2018;1343;1347;1339;1339
USDMMK:CUR;15/01/2018;1350;1350;1339;1350
USDMMK:CUR;12/01/2018;1362;1362;1344;1350
USDMMK:CUR;11/01/2018;1346;1352;1346;1352
USDMMK:CUR;10/01/2018;1347;1352;1343;1345
USDMMK:CUR;09/01/2018;1344;1351;1340;1340
USDMMK:CUR;08/01/2018;1357;1357;1344;1357
USDMMK:CUR;05/01/2018;1357;1362;1346;1357
USDMMK:CUR;04/01/2018;1357;1357;1357;1357
USDMMK:CUR;03/01/2018;1359;1362;1347;1357
USDMMK:CUR;02/01/2018;1360;1363.5;1348;1359
USDMMK:CUR;01/01/2018;1360;1360;1360;1360
USDMMK:CUR;29/12/2017;1361;1363;1353;1360
USDMMK:CUR;28/12/2017;1362;1366.5;1352;1361
USDMMK:CUR;27/12/2017;1362;1366;1356;1362
USDMMK:CUR;26/12/2017;1362;1367;1353;1362
USDMMK:CUR;22/12/2017;1363;1367.5;1353;1362
USDMMK:CUR;21/12/2017;1363;1367.5;1353;1363
USDMMK:CUR;20/12/2017;1363;1368;1354;1363
USDMMK:CUR;19/12/2017;1363;1368;1355;1363
USDMMK:CUR;18/12/2017;1363;1363;1363;1363
USDMMK:CUR;15/12/2017;1363;1368.5;1355;1363
USDMMK:CUR;14/12/2017;1363;1368.5;1356;1363
USDMMK:CUR;13/12/2017;1362;1368.75;1356;1363
USDMMK:CUR;12/12/2017;1362;1369.25;1355;1362
USDMMK:CUR;11/12/2017;1356;1368;1356;1362
USDMMK:CUR;08/12/2017;1362;1367.5;1357;1362
USDMMK:CUR;07/12/2017;1362;1370;1355;1362
USDMMK:CUR;06/12/2017;1362;1367.5;1355;1362
USDMMK:CUR;05/12/2017;1362;1367.5;1354;1362
USDMMK:CUR;04/12/2017;1362;1367.5;1355;1362
USDMMK:CUR;01/12/2017;1362;1367;1354;1362
USDMMK:CUR;30/11/2017;1363;1366;1353;1362
USDMMK:CUR;29/11/2017;1363;1370;1353;1363
USDMMK:CUR;28/11/2017;1364;1367;1354;1363
USDMMK:CUR;27/11/2017;1364;1368;1354;1364
USDMMK:CUR;24/11/2017;1364;1370;1354;1364
USDMMK:CUR;23/11/2017;1364;1370;1354;1364
USDMMK:CUR;22/11/2017;1364;1370.5;1356;1364
USDMMK:CUR;21/11/2017;1364;1370.5;1356;1364
USDMMK:CUR;20/11/2017;1364;1370.5;1356;1364
USDMMK:CUR;17/11/2017;1364;1370;1357;1364
USDMMK:CUR;16/11/2017;1364;1370;1355;1364
USDMMK:CUR;15/11/2017;1364;1370;1356;1364
USDMMK:CUR;14/11/2017;1364;1369.5;1355;1364
USDMMK:CUR;13/11/2017;1364;1364;1364;1364
USDMMK:CUR;10/11/2017;1364;1369.5;1354;1364
USDMMK:CUR;09/11/2017;1364;1370;1354;1364
USDMMK:CUR;08/11/2017;1364;1369.5;1354;1364
USDMMK:CUR;07/11/2017;1364;1370;1353;1364
USDMMK:CUR;06/11/2017;1364;1369.5;1352;1364
USDMMK:CUR;03/11/2017;1364;1364;1364;1364
USDMMK:CUR;02/11/2017;1364;1364;1364;1364
USDMMK:CUR;01/11/2017;1364;1369;1355;1364
USDMMK:CUR;31/10/2017;1364;1371;1351;1364
USDMMK:CUR;30/10/2017;1364;1371;1351;1364
USDMMK:CUR;27/10/2017;1363;1371;1355;1364
USDMMK:CUR;26/10/2017;1363;1368;1353;1363
USDMMK:CUR;25/10/2017;1362;1368;1352;1363
USDMMK:CUR;24/10/2017;1361;1368;1352;1362
USDMMK:CUR;23/10/2017;1360;1366;1355;1361
USDMMK:CUR;20/10/2017;1360;1364.5;1350;1360
USDMMK:CUR;19/10/2017;1360;1363.5;1353;1360
USDMMK:CUR;18/10/2017;1360;1360;1360;1360
USDMMK:CUR;17/10/2017;1358;1363.5;1348;1363.5
USDMMK:CUR;16/10/2017;1360;1363;1348;1363
USDMMK:CUR;13/10/2017;1352;1364;1352;1352
USDMMK:CUR;12/10/2017;1360;1364;1350;1363
USDMMK:CUR;11/10/2017;1357;1362;1347;1361
USDMMK:CUR;10/10/2017;1355;1362;1347;1360
USDMMK:CUR;09/10/2017;1355;1361.5;1346;1347
USDMMK:CUR;06/10/2017;1362;1362;1362;1362
USDMMK:CUR;05/10/2017;1362;1362;1362;1362
USDMMK:CUR;04/10/2017;1362;1362;1362;1362
USDMMK:CUR;03/10/2017;1357;1362;1347;1362
USDMMK:CUR;02/10/2017;1357;1364;1347;1364
USDMMK:CUR;29/09/2017;1348;1364;1348;1363.5
USDMMK:CUR;28/09/2017;1355;1364;1355;1361
USDMMK:CUR;27/09/2017;1348;1362.5;1348;1362.5
USDMMK:CUR;26/09/2017;1354;1363;1347;1360
USDMMK:CUR;25/09/2017;1354;1364;1352;1362
USDMMK:CUR;22/09/2017;1352;1364;1349;1360
USDMMK:CUR;21/09/2017;1356;1363;1352;1361
USDMMK:CUR;20/09/2017;1355;1361;1352;1360
USDMMK:CUR;19/09/2017;1354;1360;1350;1359
USDMMK:CUR;18/09/2017;1350;1356.5;1343;1343
USDMMK:CUR;15/09/2017;1350;1356;1343;1356
USDMMK:CUR;14/09/2017;1350;1356;1346;1354
USDMMK:CUR;13/09/2017;1350;1356;1343;1350
USDMMK:CUR;12/09/2017;1350;1354.5;1343;1350
USDMMK:CUR;11/09/2017;1349;1357;1342;1350
USDMMK:CUR;08/09/2017;1346;1359;1346;1349
USDMMK:CUR;07/09/2017;1354;1358;1348;1357
USDMMK:CUR;06/09/2017;1353;1359;1348;1355
USDMMK:CUR;05/09/2017;1352;1362;1348;1356
USDMMK:CUR;04/09/2017;1359;1361;1348;1348
USDMMK:CUR;01/09/2017;1350;1361;1349;1360
USDMMK:CUR;31/08/2017;1358;1363;1349;1350
USDMMK:CUR;30/08/2017;1359;1362;1348;1362
USDMMK:CUR;29/08/2017;1358;1363;1348;1348
USDMMK:CUR;28/08/2017;1358;1364.5;1350;1360
USDMMK:CUR;25/08/2017;1358;1364;1353;1359
USDMMK:CUR;24/08/2017;1359;1363;1351;1351
USDMMK:CUR;23/08/2017;1359;1362;1349;1362
USDMMK:CUR;22/08/2017;1353;1362.5;1353;1355
USDMMK:CUR;21/08/2017;1361;1363;1351;1355
USDMMK:CUR;18/08/2017;1356;1364;1351;1364
USDMMK:CUR;17/08/2017;1355;1365;1352;1363
USDMMK:CUR;16/08/2017;1355;1365;1355;1361
USDMMK:CUR;15/08/2017;1357;1363.5;1350;1362
USDMMK:CUR;14/08/2017;1357;1364;1351;1360
USDMMK:CUR;11/08/2017;1357;1364;1351;1360
USDMMK:CUR;10/08/2017;1363;1367.5;1353;1362
USDMMK:CUR;09/08/2017;1363;1368;1354;1365
USDMMK:CUR;08/08/2017;1358;1365;1356;1364
USDMMK:CUR;07/08/2017;1362;1364;1354;1360
USDMMK:CUR;04/08/2017;1358;1364;1355;1362
USDMMK:CUR;03/08/2017;1358;1366.5;1355;1358
USDMMK:CUR;02/08/2017;1360;1364;1352;1357
USDMMK:CUR;01/08/2017;1360;1362;1356;1360
USDMMK:CUR;31/07/2017;1360;1368;1357;1358
USDMMK:CUR;28/07/2017;1360;1368;1355;1360
USDMMK:CUR;27/07/2017;1360;1368;1355;1361
USDMMK:CUR;26/07/2017;1368;1368;1356;1367
USDMMK:CUR;25/07/2017;1360;1368;1354;1368
USDMMK:CUR;24/07/2017;1360;1368;1353;1365
USDMMK:CUR;21/07/2017;1355;1366;1355;1360
USDMMK:CUR;20/07/2017;1360;1370;1357;1368
USDMMK:CUR;19/07/2017;1357;1357;1357;1357
USDMMK:CUR;18/07/2017;1357;1370;1357;1357
USDMMK:CUR;17/07/2017;1360;1371;1357;1363
USDMMK:CUR;14/07/2017;1360;1370;1357;1367
USDMMK:CUR;13/07/2017;1360;1375.3;1358;1375.3
USDMMK:CUR;12/07/2017;1360;1371;1355;1356
USDMMK:CUR;11/07/2017;1358;1371.5;1353;1353
USDMMK:CUR;10/07/2017;1358;1369;1355;1356
USDMMK:CUR;07/07/2017;1358;1368;1353;1354
USDMMK:CUR;06/07/2017;1358;1368;1352;1367
USDMMK:CUR;05/07/2017;1353;1368;1351;1366
USDMMK:CUR;04/07/2017;1358;1368;1352;1367
USDMMK:CUR;03/07/2017;1358;1366;1352;1365
USDMMK:CUR;30/06/2017;1368;1368;1351;1364
USDMMK:CUR;29/06/2017;1358;1369;1353;1363
USDMMK:CUR;28/06/2017;1358;1368;1353;1363
USDMMK:CUR;27/06/2017;1358;1367;1351;1366
USDMMK:CUR;26/06/2017;1356;1371;1350;1365
USDMMK:CUR;23/06/2017;1356;1372;1352;1354
USDMMK:CUR;22/06/2017;1358;1372;1353;1356
USDMMK:CUR;21/06/2017;1358;1375;1354;1370
USDMMK:CUR;20/06/2017;1358;1372;1353;1358
USDMMK:CUR;19/06/2017;1364;1364;1354;1364
USDMMK:CUR;16/06/2017;1354;1365;1354;1364
USDMMK:CUR;15/06/2017;1362;1367;1354;1359
USDMMK:CUR;14/06/2017;1358;1362;1354;1359
USDMMK:CUR;13/06/2017;1351;1362;1351;1358
USDMMK:CUR;12/06/2017;1351;1359;1351;1351
USDMMK:CUR;09/06/2017;1352;1357;1344;1344
USDMMK:CUR;08/06/2017;1354;1357;1345;1357
USDMMK:CUR;07/06/2017;1349;1358;1346;1354
USDMMK:CUR;06/06/2017;1358;1359.3;1349;1349
USDMMK:CUR;05/06/2017;1358;1358;1347;1358
USDMMK:CUR;02/06/2017;1366;1366;1351;1360
USDMMK:CUR;01/06/2017;1366;1366;1352;1366
USDMMK:CUR;31/05/2017;1363;1367;1353;1366
USDMMK:CUR;30/05/2017;1355;1367;1353;1363
USDMMK:CUR;29/05/2017;1355;1368;1352;1355
USDMMK:CUR;26/05/2017;1358.91;1369;1354;1369
USDMMK:CUR;25/05/2017;1366;1370;1356;1358.91
USDMMK:CUR;24/05/2017;1368;1370;1355;1366
USDMMK:CUR;23/05/2017;1367;1370;1354;1368
USDMMK:CUR;22/05/2017;1367;1370;1356;1367
USDMMK:CUR;19/05/2017;1369;1370.5;1355;1367
USDMMK:CUR;18/05/2017;1357;1373;1357;1369
USDMMK:CUR;17/05/2017;1358;1372;1355;1357
USDMMK:CUR;16/05/2017;1352;1370;1352;1370
USDMMK:CUR;15/05/2017;1352;1367;1352;1352
USDMMK:CUR;12/05/2017;1353;1369;1352;1353
USDMMK:CUR;11/05/2017;1365;1365;1353;1353
USDMMK:CUR;10/05/2017;1367;1367;1367;1367
USDMMK:CUR;09/05/2017;1364;1367;1352;1367
USDMMK:CUR;08/05/2017;1352;1364;1346;1352
USDMMK:CUR;05/05/2017;1349;1360;1346;1360
USDMMK:CUR;04/05/2017;1354;1358;1346;1346
USDMMK:CUR;03/05/2017;1346;1356;1346;1356
USDMMK:CUR;02/05/2017;1343;1358;1343;1346
USDMMK:CUR;01/05/2017;1359;1359;1359;1359
USDMMK:CUR;28/04/2017;1351;1360;1349;1359
USDMMK:CUR;27/04/2017;1352;1366;1352;1360
USDMMK:CUR;26/04/2017;1352;1364;1348;1364
USDMMK:CUR;25/04/2017;1348;1353;1348;1353
USDMMK:CUR;24/04/2017;1349;1351;1342;1348
USDMMK:CUR;21/04/2017;1350;1350;1350;1350
USDMMK:CUR;20/04/2017;1350;1350;1350;1350
USDMMK:CUR;19/04/2017;1348;1348;1348;1348
USDMMK:CUR;18/04/2017;1356;1356;1356;1356
USDMMK:CUR;17/04/2017;1356;1356;1356;1356
USDMMK:CUR;14/04/2017;1356;1356;1356;1356
USDMMK:CUR;13/04/2017;1356;1356;1356;1356
USDMMK:CUR;12/04/2017;1351;1356;1351;1356
USDMMK:CUR;11/04/2017;1355;1358;1352;1355
USDMMK:CUR;10/04/2017;1355;1358;1355;1356
USDMMK:CUR;07/04/2017;1356;1357;1356;1357
USDMMK:CUR;06/04/2017;1353;1358;1353;1358
USDMMK:CUR;05/04/2017;1352;1356;1352;1356
USDMMK:CUR;04/04/2017;1360;1360;1350;1350
USDMMK:CUR;03/04/2017;1351;1355;1351;1353
USDMMK:CUR;31/03/2017;1350;1360;1350;1360
USDMMK:CUR;30/03/2017;1350;1367;1350;1355
USDMMK:CUR;29/03/2017;1352;1365;1352;1365
USDMMK:CUR;28/03/2017;1352;1367;1352;1365
USDMMK:CUR;27/03/2017;1367;1367;1367;1367
USDMMK:CUR;24/03/2017;1356;1370;1356;1367
USDMMK:CUR;23/03/2017;1356;1370;1356;1368
USDMMK:CUR;22/03/2017;1370;1370;1356;1370
USDMMK:CUR;21/03/2017;1356;1371;1356;1370
USDMMK:CUR;20/03/2017;1360;1371;1358;1371
USDMMK:CUR;17/03/2017;1360;1370;1360;1368
USDMMK:CUR;16/03/2017;1361;1372;1360;1360
USDMMK:CUR;15/03/2017;1362;1374;1362;1374
USDMMK:CUR;14/03/2017;1370;1373;1361;1371
USDMMK:CUR;13/03/2017;1363;1371;1363;1367
USDMMK:CUR;10/03/2017;1372;1373;1364;1372
USDMMK:CUR;09/03/2017;1361;1372;1355;1368
USDMMK:CUR;08/03/2017;1354;1365;1354;1359
USDMMK:CUR;07/03/2017;1352;1358;1350;1353
USDMMK:CUR;06/03/2017;1364;1365;1350;1355
USDMMK:CUR;03/03/2017;1359;1364;1352;1359
USDMMK:CUR;02/03/2017;1356;1356;1356;1356
USDMMK:CUR;01/03/2017;1356;1365;1356;1356
USDMMK:CUR;28/02/2017;1368;1370;1358;1365
USDMMK:CUR;27/02/2017;1358;1368;1358;1368
USDMMK:CUR;24/02/2017;1367;1369;1361;1367
USDMMK:CUR;23/02/2017;1360;1370;1360;1370
USDMMK:CUR;22/02/2017;1368;1371;1354;1371
USDMMK:CUR;21/02/2017;1363;1370;1363;1370
USDMMK:CUR;20/02/2017;1363;1369;1360;1363
USDMMK:CUR;17/02/2017;1367;1368;1357;1367
USDMMK:CUR;16/02/2017;1355;1365;1354;1360
USDMMK:CUR;15/02/2017;1356;1368;1354;1355
USDMMK:CUR;14/02/2017;1360;1370;1357;1367
USDMMK:CUR;13/02/2017;1366;1376;1360;1372
USDMMK:CUR;10/02/2017;1375;1376;1359;1375
USDMMK:CUR;09/02/2017;1366;1374;1360;1372
USDMMK:CUR;08/02/2017;1358;1372;1358;1368
USDMMK:CUR;07/02/2017;1364;1367;1354;1367
USDMMK:CUR;06/02/2017;1359;1367;1353;1364
USDMMK:CUR;03/02/2017;1356;1366;1350;1365
USDMMK:CUR;02/02/2017;1354;1358;1354;1354
USDMMK:CUR;01/02/2017;1358;1359;1349;1358
USDMMK:CUR;31/01/2017;1358;1366;1350;1350
USDMMK:CUR;30/01/2017;1358;1358;1345;1345
USDMMK:CUR;27/01/2017;1359;1359;1348;1359
USDMMK:CUR;26/01/2017;1358;1358;1351;1358
USDMMK:CUR;25/01/2017;1351;1360;1349;1351
USDMMK:CUR;24/01/2017;1358;1359;1350;1356
USDMMK:CUR;23/01/2017;1355;1355;1349;1355
USDMMK:CUR;20/01/2017;1349;1357;1348;1349
USDMMK:CUR;19/01/2017;1358;1360;1350;1358
USDMMK:CUR;18/01/2017;1354;1358;1349;1358
USDMMK:CUR;17/01/2017;1358;1358;1345;1350
USDMMK:CUR;16/01/2017;1344;1360;1344;1348
USDMMK:CUR;13/01/2017;1360;1360;1348;1358
USDMMK:CUR;12/01/2017;1358;1370;1354;1360
USDMMK:CUR;11/01/2017;1354;1370;1354;1355
USDMMK:CUR;10/01/2017;1350;1360;1350;1353
USDMMK:CUR;09/01/2017;1354;1355;1340;1355
USDMMK:CUR;06/01/2017;1352;1354;1344;1344
USDMMK:CUR;05/01/2017;1356;1356;1347;1347
USDMMK:CUR;04/01/2017;1350;1350;1350;1350
USDMMK:CUR;03/01/2017;1350;1355;1347;1350
USDMMK:CUR;02/01/2017;1355;1358;1355;1356
USDMMK:CUR;30/12/2016;1360;1371;1354;1363
USDMMK:CUR;29/12/2016;1364;1364;1364;1364
USDMMK:CUR;28/12/2016;1365;1365;1363;1364
USDMMK:CUR;27/12/2016;1370;1371;1359;1371
USDMMK:CUR;26/12/2016;1360;1365;1359;1365
USDMMK:CUR;23/12/2016;1372;1375;1368;1368
USDMMK:CUR;22/12/2016;1381;1383;1374;1381
USDMMK:CUR;21/12/2016;1385;1385;1374;1375
USDMMK:CUR;20/12/2016;1379;1379;1364;1374
USDMMK:CUR;19/12/2016;1380;1380;1370;1379
USDMMK:CUR;16/12/2016;1359;1375;1359;1365
USDMMK:CUR;15/12/2016;1349;1360;1349;1360
USDMMK:CUR;14/12/2016;1340;1349;1339;1348
USDMMK:CUR;13/12/2016;1329;1340;1329;1330
USDMMK:CUR;12/12/2016;1330;1330;1318;1328
USDMMK:CUR;09/12/2016;1330;1330;1320;1328
USDMMK:CUR;08/12/2016;1329;1330;1323;1330
USDMMK:CUR;07/12/2016;1323;1325;1318;1325
USDMMK:CUR;06/12/2016;1320;1320;1318;1319
USDMMK:CUR;05/12/2016;1315;1316;1313;1313
USDMMK:CUR;02/12/2016;1317;1318;1314;1318
USDMMK:CUR;01/12/2016;1314;1317;1314;1317
USDMMK:CUR;30/11/2016;1318;1318;1313;1317
USDMMK:CUR;29/11/2016;1314;1314;1313;1313
USDMMK:CUR;28/11/2016;1313;1315;1300;1314
USDMMK:CUR;25/11/2016;1315;1315;1300;1314
USDMMK:CUR;24/11/2016;1313;1313;1313;1313
USDMMK:CUR;23/11/2016;1308;1315;1298;1313
USDMMK:CUR;22/11/2016;1303;1310;1298;1309
USDMMK:CUR;21/11/2016;1304;1304;1298;1304
USDMMK:CUR;18/11/2016;1301;1301;1292;1300
USDMMK:CUR;17/11/2016;1290;1300;1290;1299
USDMMK:CUR;16/11/2016;1297;1297;1290;1295
USDMMK:CUR;15/11/2016;1293;1295;1290;1294
USDMMK:CUR;14/11/2016;1290;1290;1290;1290
USDMMK:CUR;11/11/2016;1288;1292;1285;1290
USDMMK:CUR;10/11/2016;1287;1290;1282;1288
USDMMK:CUR;09/11/2016;1280;1283;1277;1283
USDMMK:CUR;08/11/2016;1275;1289;1275;1289
USDMMK:CUR;07/11/2016;1276;1281;1274;1275
USDMMK:CUR;04/11/2016;1284;1284;1276;1276
USDMMK:CUR;03/11/2016;1272;1285;1272;1284
USDMMK:CUR;02/11/2016;1272;1290;1272;1285
USDMMK:CUR;01/11/2016;1290;1290;1285;1288
USDMMK:CUR;31/10/2016;1286;1287;1285;1286
USDMMK:CUR;28/10/2016;1285;1292;1285;1286
USDMMK:CUR;27/10/2016;1292;1292;1285;1285
USDMMK:CUR;26/10/2016;1272;1290;1272;1290
USDMMK:CUR;25/10/2016;1280;1288;1280;1288
USDMMK:CUR;24/10/2016;1284;1284;1268;1280
USDMMK:CUR;21/10/2016;1280;1284;1275;1284
USDMMK:CUR;20/10/2016;1272;1280;1270;1280
USDMMK:CUR;19/10/2016;1268;1285;1267;1285
USDMMK:CUR;18/10/2016;1263;1268;1259;1268
USDMMK:CUR;17/10/2016;1260;1268;1259;1267
USDMMK:CUR;14/10/2016;1256;1277;1256;1277
USDMMK:CUR;13/10/2016;1250;1264;1248;1263
USDMMK:CUR;12/10/2016;1250;1260;1245;1248
USDMMK:CUR;11/10/2016;1247;1258;1245;1248
USDMMK:CUR;10/10/2016;1258;1268;1246;1246
USDMMK:CUR;07/10/2016;1260;1269;1260;1266
USDMMK:CUR;06/10/2016;1260;1269;1260;1268
USDMMK:CUR;05/10/2016;1260;1269;1260;1269
USDMMK:CUR;04/10/2016;1250;1269;1250;1269
USDMMK:CUR;03/10/2016;1267;1267;1250;1265
USDMMK:CUR;30/09/2016;1255;1263;1254;1262
USDMMK:CUR;29/09/2016;1250;1258;1248;1254
USDMMK:CUR;28/09/2016;1244;1254;1244;1253
USDMMK:CUR;27/09/2016;1249;1249;1240;1249
USDMMK:CUR;26/09/2016;1235;1244;1235;1243
USDMMK:CUR;23/09/2016;1240;1250;1235;1240
USDMMK:CUR;22/09/2016;1239;1244;1232;1232
USDMMK:CUR;21/09/2016;1235;1255;1235;1255
USDMMK:CUR;20/09/2016;1237;1252;1235;1252
USDMMK:CUR;19/09/2016;1223;1240;1223;1240
USDMMK:CUR;16/09/2016;1223;1238;1222;1228
USDMMK:CUR;15/09/2016;1225;1230;1215;1219
USDMMK:CUR;14/09/2016;1217;1225;1216;1216
USDMMK:CUR;13/09/2016;1215;1215;1215;1215
USDMMK:CUR;12/09/2016;1214;1221;1214;1215
USDMMK:CUR;09/09/2016;1213;1220;1213;1215
USDMMK:CUR;08/09/2016;1214;1220;1213;1220
USDMMK:CUR;07/09/2016;1210;1219;1210;1217
USDMMK:CUR;06/09/2016;1210;1218;1210;1215
USDMMK:CUR;05/09/2016;1211;1214;1204;1208
USDMMK:CUR;02/09/2016;1210;1212;1208;1210
USDMMK:CUR;01/09/2016;1213;1215;1204;1208
USDMMK:CUR;31/08/2016;1204;1216;1204;1208
USDMMK:CUR;30/08/2016;1207;1210;1200;1204
USDMMK:CUR;29/08/2016;1195;1209;1195;1204
USDMMK:CUR;26/08/2016;1195;1206;1190;1206
USDMMK:CUR;25/08/2016;1203;1210;1195;1195
USDMMK:CUR;24/08/2016;1203;1212;1193;1210
USDMMK:CUR;23/08/2016;1182;1204;1182;1200
USDMMK:CUR;22/08/2016;1196;1199;1189;1190
USDMMK:CUR;19/08/2016;1190;1196;1178;1193
USDMMK:CUR;18/08/2016;1188;1196;1186;1189
USDMMK:CUR;17/08/2016;1187;1192;1185;1187
USDMMK:CUR;16/08/2016;1186;1195;1177;1189
USDMMK:CUR;15/08/2016;1185;1190;1185;1186
USDMMK:CUR;12/08/2016;1177;1189;1177;1185
USDMMK:CUR;11/08/2016;1177;1186;1177;1179
USDMMK:CUR;10/08/2016;1184;1185;1179;1185
USDMMK:CUR;09/08/2016;1179;1185;1179;1183
USDMMK:CUR;08/08/2016;1179;1185;1179;1183
USDMMK:CUR;05/08/2016;1177;1186;1177;1182
USDMMK:CUR;04/08/2016;1177;1185;1177;1184
USDMMK:CUR;03/08/2016;1177;1184;1177;1181
USDMMK:CUR;02/08/2016;1177;1187;1177;1184
USDMMK:CUR;01/08/2016;1177;1183;1177;1183
USDMMK:CUR;29/07/2016;1177;1184;1177;1182
USDMMK:CUR;28/07/2016;1176;1185;1176;1185
USDMMK:CUR;27/07/2016;1174;1185;1174;1184
USDMMK:CUR;26/07/2016;1172;1189;1172;1189
USDMMK:CUR;25/07/2016;1171;1182;1171;1180
USDMMK:CUR;22/07/2016;1171;1181;1171;1180
USDMMK:CUR;21/07/2016;1169;1188;1169;1188
USDMMK:CUR;20/07/2016;1167;1183;1167;1179
USDMMK:CUR;19/07/2016;1182;1182;1182;1182
USDMMK:CUR;18/07/2016;1166;1182;1166;1182
USDMMK:CUR;15/07/2016;1166;1178;1166;1174
USDMMK:CUR;14/07/2016;1165;1178;1163;1174
USDMMK:CUR;13/07/2016;1162;1178;1162;1176
USDMMK:CUR;12/07/2016;1162;1175;1162;1175
USDMMK:CUR;11/07/2016;1162;1175;1162;1175
USDMMK:CUR;08/07/2016;1162;1175;1162;1169
USDMMK:CUR;07/07/2016;1163;1168;1162;1164
USDMMK:CUR;06/07/2016;1165;1168;1163;1164
USDMMK:CUR;05/07/2016;1169;1178;1165;1165
USDMMK:CUR;04/07/2016;1169;1182;1167;1167
USDMMK:CUR;01/07/2016;1171;1182;1169;1170
USDMMK:CUR;30/06/2016;1172;1188;1171;1172
USDMMK:CUR;29/06/2016;1174;1182;1172;1177
USDMMK:CUR;28/06/2016;1174;1185;1174;1180
USDMMK:CUR;27/06/2016;1174;1182;1174;1175
USDMMK:CUR;24/06/2016;1174;1183;1174;1179
USDMMK:CUR;23/06/2016;1175;1182;1174;1181
USDMMK:CUR;22/06/2016;1175;1183;1175;1180
USDMMK:CUR;21/06/2016;1175;1185;1175;1183
USDMMK:CUR;20/06/2016;1176;1185;1175;1181
USDMMK:CUR;17/06/2016;1177;1186;1176;1180
USDMMK:CUR;16/06/2016;1177;1187;1177;1185
USDMMK:CUR;15/06/2016;1178;1188;1177;1185
USDMMK:CUR;14/06/2016;1178;1189;1178;1187
USDMMK:CUR;13/06/2016;1178;1188;1178;1188
USDMMK:CUR;10/06/2016;1180;1188;1178;1183
USDMMK:CUR;09/06/2016;1180;1190;1180;1188
USDMMK:CUR;08/06/2016;1180;1190;1180;1190
USDMMK:CUR;07/06/2016;1180;1189;1180;1188
USDMMK:CUR;06/06/2016;1180;1189;1180;1189
USDMMK:CUR;03/06/2016;1178;1192;1178;1185
USDMMK:CUR;02/06/2016;1188;1190;1178;1178
USDMMK:CUR;01/06/2016;1185;1189;1181;1185
USDMMK:CUR;31/05/2016;1194;1194;1179;1181
USDMMK:CUR;30/05/2016;1180;1187;1179;1180
USDMMK:CUR;27/05/2016;1179;1181;1175;1180
USDMMK:CUR;26/05/2016;1179;1190;1174;1184
USDMMK:CUR;25/05/2016;1177;1182;1172;1177
USDMMK:CUR;24/05/2016;1169;1177;1169;1172
USDMMK:CUR;23/05/2016;1169;1175;1166;1170
USDMMK:CUR;20/05/2016;1166;1172;1166;1170
USDMMK:CUR;19/05/2016;1168;1172;1165;1168
USDMMK:CUR;18/05/2016;1164;1171;1164;1170
USDMMK:CUR;17/05/2016;1166;1169;1163;1168
USDMMK:CUR;16/05/2016;1164;1168;1162;1168
USDMMK:CUR;13/05/2016;1166;1166;1160;1160
USDMMK:CUR;12/05/2016;1166;1166;1160;1165
USDMMK:CUR;11/05/2016;1166;1166;1159;1162
USDMMK:CUR;10/05/2016;1159;1168;1158;1168
USDMMK:CUR;09/05/2016;1161;1163;1158;1158
USDMMK:CUR;06/05/2016;1161;1163;1160;1160
USDMMK:CUR;05/05/2016;1161;1169;1160;1163
USDMMK:CUR;04/05/2016;1161;1169;1160;1167
USDMMK:CUR;03/05/2016;1166;1166;1160;1160
USDMMK:CUR;02/05/2016;1166;1166;1160;1160
USDMMK:CUR;29/04/2016;1164;1170;1162;1165
USDMMK:CUR;28/04/2016;1161;1173;1161;1170
USDMMK:CUR;27/04/2016;1159;1169;1158;1165
USDMMK:CUR;26/04/2016;1159;1165;1158;1160
USDMMK:CUR;25/04/2016;1161;1161;1153;1158
USDMMK:CUR;22/04/2016;1170;1171;1160;1160
USDMMK:CUR;21/04/2016;1170;1171;1170;1170
USDMMK:CUR;20/04/2016;1179.1;1179.1;1176.35;1176.35
USDMMK:CUR;19/04/2016;1178.65;1179.1;1178.65;1179.1
USDMMK:CUR;18/04/2016;1178.1;1178.65;1178.1;1178.65
USDMMK:CUR;15/04/2016;1178.2;1178.2;1178.1;1178.1
USDMMK:CUR;14/04/2016;1181.8001;1181.8001;1178.2;1178.2
USDMMK:CUR;13/04/2016;1176.75;1181.8001;1176.75;1181.8001
USDMMK:CUR;12/04/2016;1174.9;1176.75;1174.9;1176.75
USDMMK:CUR;11/04/2016;1187.0501;1187.0501;1174.9;1174.9
USDMMK:CUR;08/04/2016;1182;1186;1170;1172
USDMMK:CUR;07/04/2016;1186;1186;1182;1182
USDMMK:CUR;06/04/2016;1195;1200;1186;1186
USDMMK:CUR;05/04/2016;1200;1206;1195;1195
USDMMK:CUR;04/04/2016;1206;1208;1200;1200
USDMMK:CUR;01/04/2016;1206;1206;1206;1206
USDMMK:CUR;31/03/2016;1206;1206;1206;1206
USDMMK:CUR;30/03/2016;1206;1206;1206;1206
USDMMK:CUR;29/03/2016;1206;1208;1206;1206
USDMMK:CUR;28/03/2016;1206;1208;1206;1206
USDMMK:CUR;25/03/2016;1206;1208;1206;1206
USDMMK:CUR;24/03/2016;1207;1207;1206;1206
USDMMK:CUR;23/03/2016;1210.8001;1211.75;1210.8001;1211.75
USDMMK:CUR;22/03/2016;1207;1207;1206;1206
USDMMK:CUR;21/03/2016;1208;1208;1207;1208
USDMMK:CUR;18/03/2016;1208;1208;1208;1208
USDMMK:CUR;17/03/2016;1208;1209;1208;1208
USDMMK:CUR;16/03/2016;1208;1211;1208;1208
USDMMK:CUR;15/03/2016;1208;1211;1208;1209
USDMMK:CUR;14/03/2016;1209;1209;1208;1209
USDMMK:CUR;11/03/2016;1209;1209;1209;1209
USDMMK:CUR;10/03/2016;1211;1211;1209;1209
USDMMK:CUR;09/03/2016;1213;1218;1211;1211
USDMMK:CUR;08/03/2016;1218;1228;1213;1213
USDMMK:CUR;07/03/2016;1222;1230;1218;1230
USDMMK:CUR;04/03/2016;1224;1224;1216;1222
USDMMK:CUR;03/03/2016;1227;1235;1219;1219
USDMMK:CUR;02/03/2016;1238.95;1240.1;1238;1238
USDMMK:CUR;01/03/2016;1227;1236;1227;1230
USDMMK:CUR;29/02/2016;1227;1235;1227;1231
USDMMK:CUR;26/02/2016;1227;1237;1227;1232
USDMMK:CUR;25/02/2016;1226;1238;1226;1232
USDMMK:CUR;24/02/2016;1225;1238;1224;1233
USDMMK:CUR;23/02/2016;1224;1240;1224;1233
USDMMK:CUR;22/02/2016;1224;1238;1224;1231
USDMMK:CUR;19/02/2016;1224;1239;1224;1229
USDMMK:CUR;18/02/2016;1220;1240;1220;1224
USDMMK:CUR;17/02/2016;1220;1240;1220;1230
USDMMK:CUR;16/02/2016;1220;1235;1220;1227
USDMMK:CUR;15/02/2016;1220;1230;1220;1223
USDMMK:CUR;12/02/2016;1232.0501;1232.65;1232.0501;1232.65
USDMMK:CUR;11/02/2016;1220;1230;1220;1220
USDMMK:CUR;10/02/2016;1250;1250;1219;1222
USDMMK:CUR;09/02/2016;1250;1253;1238;1238
USDMMK:CUR;08/02/2016;1270;1270;1249;1250
USDMMK:CUR;05/02/2016;1270;1273;1259;1259
USDMMK:CUR;04/02/2016;1268;1290;1268;1273
USDMMK:CUR;03/02/2016;1282;1288;1268;1278
USDMMK:CUR;02/02/2016;1283;1288;1282;1282
USDMMK:CUR;01/02/2016;1284;1289;1282;1289
USDMMK:CUR;29/01/2016;1285;1298;1284;1298
USDMMK:CUR;28/01/2016;1286;1289;1285;1288
USDMMK:CUR;27/01/2016;1287;1291;1286;1286
USDMMK:CUR;26/01/2016;1288;1292;1287;1290
USDMMK:CUR;25/01/2016;1289;1295;1288;1291
USDMMK:CUR;22/01/2016;1289;1295;1289;1295
USDMMK:CUR;21/01/2016;1289;1295;1289;1293
USDMMK:CUR;20/01/2016;1289;1295;1289;1291
USDMMK:CUR;19/01/2016;1289;1295;1289;1292
USDMMK:CUR;18/01/2016;1289;1296;1287;1293
USDMMK:CUR;15/01/2016;1289;1295;1287;1295
USDMMK:CUR;14/01/2016;1288;1298;1288;1292
USDMMK:CUR;13/01/2016;1288;1298;1288;1288
USDMMK:CUR;12/01/2016;1290;1293;1285;1290
USDMMK:CUR;11/01/2016;1292;1295;1286;1290
USDMMK:CUR;08/01/2016;1293;1296;1289;1292
USDMMK:CUR;07/01/2016;1293;1296;1290;1293
USDMMK:CUR;06/01/2016;1295;1298;1292;1294
USDMMK:CUR;05/01/2016;1297;1300;1294;1295
USDMMK:CUR;04/01/2016;1306.75;1309.5;1306.75;1307.75
USDMMK:CUR;30/12/2015;1300;1303;1298;1301
USDMMK:CUR;29/12/2015;1301;1304;1300;1304
USDMMK:CUR;28/12/2015;1301;1306;1301;1306
USDMMK:CUR;24/12/2015;1301;1306;1301;1306
USDMMK:CUR;23/12/2015;1299;1307;1299;1306
USDMMK:CUR;22/12/2015;1297;1305;1296;1302
USDMMK:CUR;21/12/2015;1295;1305;1288;1304
USDMMK:CUR;18/12/2015;1294;1302;1294;1301
USDMMK:CUR;17/12/2015;1291;1302;1289;1299
USDMMK:CUR;16/12/2015;1289;1296;1289;1294
USDMMK:CUR;15/12/2015;1289;1294;1288;1294
USDMMK:CUR;14/12/2015;1289;1294;1288;1294
USDMMK:CUR;11/12/2015;1289;1292;1288;1290
USDMMK:CUR;10/12/2015;1288;1292;1288;1292
USDMMK:CUR;09/12/2015;1285;1292;1285;1291
USDMMK:CUR;08/12/2015;1285;1295;1284;1285
USDMMK:CUR;07/12/2015;1285;1288;1284;1286
USDMMK:CUR;04/12/2015;1287;1290;1284;1284
USDMMK:CUR;03/12/2015;1289;1292;1286;1286
USDMMK:CUR;02/12/2015;1290;1295;1289;1295
USDMMK:CUR;01/12/2015;1290;1296;1290;1293
USDMMK:CUR;30/11/2015;1290;1296;1290;1293
USDMMK:CUR;27/11/2015;1290;1299;1290;1293
USDMMK:CUR;26/11/2015;1297.25;1300.25;1297.25;1297.4
USDMMK:CUR;25/11/2015;1290;1300;1287;1293
USDMMK:CUR;24/11/2015;1289;1299;1287;1298
USDMMK:CUR;23/11/2015;1287;1297;1287;1295
USDMMK:CUR;20/11/2015;1284;1291;1284;1290
USDMMK:CUR;19/11/2015;1281;1290;1281;1287
USDMMK:CUR;18/11/2015;1279;1291;1279;1284
USDMMK:CUR;17/11/2015;1278;1285;1278;1279
USDMMK:CUR;16/11/2015;1277;1283;1277;1281
USDMMK:CUR;13/11/2015;1276;1282;1276;1282
USDMMK:CUR;12/11/2015;1276;1281;1273;1278
USDMMK:CUR;11/11/2015;1274;1283;1274;1279
USDMMK:CUR;10/11/2015;1288.75;1288.75;1287.95;1287.95
USDMMK:CUR;09/11/2015;1271;1285;1271;1277
USDMMK:CUR;06/11/2015;1268;1280;1268;1279
USDMMK:CUR;05/11/2015;1267;1279;1267;1275
USDMMK:CUR;04/11/2015;1267;1274;1267;1270
USDMMK:CUR;03/11/2015;1267;1274;1267;1271
USDMMK:CUR;02/11/2015;1267;1274;1267;1274
USDMMK:CUR;30/10/2015;1268;1273;1266;1271
USDMMK:CUR;29/10/2015;1269;1272;1267;1267
USDMMK:CUR;27/10/2015;1270;1273;1268;1271
USDMMK:CUR;26/10/2015;1271;1274;1270;1273
USDMMK:CUR;23/10/2015;1271;1272;1271;1272
USDMMK:CUR;22/10/2015;1271;1275;1271;1273
USDMMK:CUR;21/10/2015;1271;1276;1270;1272
USDMMK:CUR;20/10/2015;1273;1274;1270;1273
USDMMK:CUR;19/10/2015;1274;1283;1271;1275
USDMMK:CUR;16/10/2015;1275;1283;1274;1278
USDMMK:CUR;15/10/2015;1275;1285;1275;1282
USDMMK:CUR;14/10/2015;1275;1287;1275;1287
USDMMK:CUR;13/10/2015;1276;1282;1275;1280
USDMMK:CUR;12/10/2015;1277;1285;1276;1285
USDMMK:CUR;09/10/2015;1277;1288;1277;1288
USDMMK:CUR;08/10/2015;1277;1287;1277;1287
USDMMK:CUR;07/10/2015;1277;1287;1277;1277
USDMMK:CUR;06/10/2015;1277;1289;1277;1286
USDMMK:CUR;05/10/2015;1276;1289;1276;1284
USDMMK:CUR;02/10/2015;1277;1287;1276;1287
USDMMK:CUR;01/10/2015;1277;1277;1277;1277
USDMMK:CUR;30/09/2015;1276;1288;1276;1285
USDMMK:CUR;29/09/2015;1276;1286;1276;1284
USDMMK:CUR;28/09/2015;1276;1285;1276;1282
USDMMK:CUR;25/09/2015;1280;1280;1280;1280
USDMMK:CUR;24/09/2015;1276;1284;1276;1282
USDMMK:CUR;23/09/2015;1279;1285;1276;1285
USDMMK:CUR;22/09/2015;1281;1290;1279;1284
USDMMK:CUR;21/09/2015;1282;1290;1281;1281
USDMMK:CUR;18/09/2015;1282;1294;1282;1290
USDMMK:CUR;17/09/2015;1279;1294;1279;1290
USDMMK:CUR;16/09/2015;1276;1290;1276;1285
USDMMK:CUR;15/09/2015;1274;1286;1274;1286
USDMMK:CUR;14/09/2015;1273;1286;1273;1284
USDMMK:CUR;11/09/2015;1284;1284;1281;1281
USDMMK:CUR;10/09/2015;1272;1284;1272;1280
USDMMK:CUR;09/09/2015;1269;1283;1269;1282
USDMMK:CUR;08/09/2015;1268;1280;1268;1279
USDMMK:CUR;07/09/2015;1268;1278;1268;1275
USDMMK:CUR;04/09/2015;1268;1278;1268;1273
USDMMK:CUR;03/09/2015;1265;1285;1265;1277
USDMMK:CUR;02/09/2015;1263;1283;1263;1273
USDMMK:CUR;01/09/2015;1263;1275;1263;1270
USDMMK:CUR;31/08/2015;1265;1276;1263;1268
USDMMK:CUR;28/08/2015;1270;1272;1265;1265
USDMMK:CUR;27/08/2015;1272;1273;1270;1272
USDMMK:CUR;26/08/2015;1274;1278;1272;1278
USDMMK:CUR;25/08/2015;1275;1285;1274;1284
USDMMK:CUR;24/08/2015;1283;1285;1275;1280
USDMMK:CUR;21/08/2015;1273;1290;1273;1286
USDMMK:CUR;20/08/2015;1265;1286;1265;1285
USDMMK:CUR;19/08/2015;1256;1277;1256;1275
USDMMK:CUR;18/08/2015;1256;1270;1256;1267
USDMMK:CUR;17/08/2015;1264;1268;1256;1256
USDMMK:CUR;14/08/2015;1256;1264;1246;1256
USDMMK:CUR;13/08/2015;1246;1253;1236;1246
USDMMK:CUR;12/08/2015;1232;1244;1232;1244
USDMMK:CUR;11/08/2015;1235;1239;1226;1237
USDMMK:CUR;10/08/2015;1232;1233;1230;1233
USDMMK:CUR;07/08/2015;1236;1236;1232;1232
USDMMK:CUR;06/08/2015;1228;1238;1228;1238
USDMMK:CUR;05/08/2015;1230;1230;1223;1223
USDMMK:CUR;04/08/2015;1227;1229;1224;1229
USDMMK:CUR;03/08/2015;1227;1228;1226;1227
USDMMK:CUR;30/07/2015;1231;1233;1228;1228
USDMMK:CUR;29/07/2015;1238;1238;1235;1235
USDMMK:CUR;28/07/2015;1238;1243;1238;1238
USDMMK:CUR;27/07/2015;1240;1247;1238;1240
USDMMK:CUR;24/07/2015;1230;1244;1230;1240
USDMMK:CUR;23/07/2015;1242;1248;1240;1242
USDMMK:CUR;22/07/2015;1246;1248;1240;1242
USDMMK:CUR;21/07/2015;1220;1248;1220;1245
USDMMK:CUR;20/07/2015;1233;1239;1220;1232
USDMMK:CUR;17/07/2015;1206;1228;1206;1222
USDMMK:CUR;16/07/2015;1218;1223;1215;1215
USDMMK:CUR;15/07/2015;1200;1215;1200;1215
USDMMK:CUR;14/07/2015;1190;1210;1190;1208
USDMMK:CUR;13/07/2015;1200;1200;1190;1190
USDMMK:CUR;10/07/2015;1133;1133;1129;1131
USDMMK:CUR;09/07/2015;1129;1133;1129;1131
USDMMK:CUR;08/07/2015;1133;1133;1129;1131
USDMMK:CUR;07/07/2015;1133;1133;1129;1131
USDMMK:CUR;06/07/2015;1131;1133;1129;1131
USDMMK:CUR;03/07/2015;1133;1133;1129;1132
USDMMK:CUR;02/07/2015;1115;1128;1115;1127
USDMMK:CUR;01/07/2015;1118;1118;1115;1116
USDMMK:CUR;30/06/2015;1116;1118;1115;1116
USDMMK:CUR;29/06/2015;1116;1118;1115;1118
USDMMK:CUR;26/06/2015;1116;1118;1115;1116
USDMMK:CUR;25/06/2015;1116;1118;1116;1116
USDMMK:CUR;24/06/2015;1116;1118;1114;1116
USDMMK:CUR;23/06/2015;1116;1118;1102;1102
USDMMK:CUR;22/06/2015;1118;1118;1116;1116
USDMMK:CUR;19/06/2015;1112;1118;1102;1102
USDMMK:CUR;18/06/2015;1111;1113;1111;1112
USDMMK:CUR;17/06/2015;1112;1113;1111;1113
USDMMK:CUR;16/06/2015;1113;1113;1111;1112
USDMMK:CUR;15/06/2015;1113;1113;1111;1112
USDMMK:CUR;12/06/2015;1113;1113;1111;1112
USDMMK:CUR;11/06/2015;1112;1113;1111;1113
USDMMK:CUR;10/06/2015;1113;1113;1111;1112
USDMMK:CUR;09/06/2015;1108.9;1113;1097;1113
USDMMK:CUR;08/06/2015;1110.9;1113;1097;1108.9
USDMMK:CUR;05/06/2015;1103;1113;1089;1110.9
USDMMK:CUR;04/06/2015;1095;1105;1082;1103
USDMMK:CUR;03/06/2015;1095;1098;1082;1095
USDMMK:CUR;02/06/2015;1096;1098;1090;1095
USDMMK:CUR;01/06/2015;1087;1098;1087;1096
USDMMK:CUR;29/05/2015;1095;1098;1082;1087
USDMMK:CUR;28/05/2015;1097;1098;1090;1095
USDMMK:CUR;27/05/2015;1096;1098;1082;1097
USDMMK:CUR;26/05/2015;1087;1098;1087;1096
USDMMK:CUR;25/05/2015;1087;1090;1082;1087
USDMMK:CUR;22/05/2015;1086;1090;1082;1087
USDMMK:CUR;21/05/2015;1088;1090;1082;1086
USDMMK:CUR;20/05/2015;1085;1090;1082;1088
USDMMK:CUR;19/05/2015;1086;1090;1082;1085
USDMMK:CUR;18/05/2015;1088;1090;1082;1086
USDMMK:CUR;15/05/2015;1090;1090;1082;1088
USDMMK:CUR;14/05/2015;1080;1090;1080;1090
USDMMK:CUR;13/05/2015;1080;1090;1080;1080
USDMMK:CUR;12/05/2015;1082;1082;1080;1080
USDMMK:CUR;11/05/2015;1083;1083;1082;1082
USDMMK:CUR;08/05/2015;1083;1083;1083;1083
USDMMK:CUR;07/05/2015;1084;1084;1083;1083
USDMMK:CUR;06/05/2015;1086;1090;1084;1084
USDMMK:CUR;05/05/2015;1087;1087;1086;1086
USDMMK:CUR;04/05/2015;1088;1088;1087;1087
USDMMK:CUR;01/05/2015;1088;1088;1088;1088
USDMMK:CUR;30/04/2015;1077;1090;1077;1088
USDMMK:CUR;29/04/2015;1074;1080;1074;1077
USDMMK:CUR;28/04/2015;1072;1075;1072;1074
USDMMK:CUR;27/04/2015;1070;1073;1070;1071
USDMMK:CUR;24/04/2015;1070;1073;1070;1070
USDMMK:CUR;23/04/2015;1067;1075;1067;1070
USDMMK:CUR;22/04/2015;1065;1074;1065;1067
USDMMK:CUR;21/04/2015;1066;1066;1065;1065
USDMMK:CUR;20/04/2015;1067;1067;1066;1066
USDMMK:CUR;17/04/2015;1068;1068;1066;1067
USDMMK:CUR;16/04/2015;1070;1070;1068;1068
USDMMK:CUR;15/04/2015;1070;1070;1070;1070
USDMMK:CUR;14/04/2015;1071;1071;1070;1070
USDMMK:CUR;13/04/2015;1072;1072;1071;1071
USDMMK:CUR;10/04/2015;1065;1074;1065;1072
USDMMK:CUR;09/04/2015;1065;1068;1065;1065
USDMMK:CUR;08/04/2015;1023;1023;1023;1023
USDMMK:CUR;07/04/2015;1025;1025;1023;1023
USDMMK:CUR;06/04/2015;1026;1026;1025;1025
USDMMK:CUR;03/04/2015;1027;1033;1026;1026
USDMMK:CUR;02/04/2015;1027;1027;1027;1027
USDMMK:CUR;01/04/2015;1029;1029;1027;1027
USDMMK:CUR;31/03/2015;1031;1031;1029;1029
USDMMK:CUR;30/03/2015;1030;1035;1030;1031
USDMMK:CUR;27/03/2015;1032;1032;1030;1030
USDMMK:CUR;26/03/2015;1033;1033;1032;1032
USDMMK:CUR;13/03/2015;1035;1035;1034;1034
USDMMK:CUR;09/03/2015;1034;1037;1031;1032
USDMMK:CUR;06/03/2015;1034;1034;1031;1033
USDMMK:CUR;05/03/2015;1033;1033;1033;1033
USDMMK:CUR;26/02/2015;1033;1033;1033;1033
USDMMK:CUR;25/02/2015;1030;1030;1030;1030
USDMMK:CUR;24/02/2015;1028;1028;1026;1026
USDMMK:CUR;23/02/2015;1028;1028;1028;1028
USDMMK:CUR;20/02/2015;1029;1029;1029;1029
USDMMK:CUR;19/02/2015;1026;1030;1026;1030
USDMMK:CUR;18/02/2015;1028;1028;1028;1028
USDMMK:CUR;17/02/2015;1026;1026;1026;1026
USDMMK:CUR;16/02/2015;1026;1028;1026;1028
USDMMK:CUR;13/02/2015;1028;1028;1028;1028
USDMMK:CUR;11/02/2015;1028;1028;1026;1026
USDMMK:CUR;10/02/2015;1024;1026;1024;1026
USDMMK:CUR;09/02/2015;1024;1025;1023;1025
USDMMK:CUR;05/02/2015;1023;1024;1023;1024
USDMMK:CUR;04/02/2015;1023;1023;1023;1023
USDMMK:CUR;03/02/2015;1021;1022;1021;1022
USDMMK:CUR;02/02/2015;1023;1024;1023;1023
USDMMK:CUR;30/01/2015;1025;1026;1023;1025
USDMMK:CUR;29/01/2015;1025;1025;1023;1024
USDMMK:CUR;28/01/2015;1024;1025;1023;1025
USDMMK:CUR;27/01/2015;1023;1023;1023;1023
USDMMK:CUR;26/01/2015;1022;1022;1022;1022
USDMMK:CUR;22/01/2015;1023;1024;1022;1022
USDMMK:CUR;21/01/2015;1022;1022;1022;1022
USDMMK:CUR;20/01/2015;1023;1023;1023;1023
USDMMK:CUR;19/01/2015;1022;1023;1022;1023
USDMMK:CUR;16/01/2015;1027;1027;1027;1027
USDMMK:CUR;15/01/2015;1025;1025;1025;1025
USDMMK:CUR;14/01/2015;1027;1027;1027;1027
USDMMK:CUR;13/01/2015;1027;1027;1027;1027
USDMMK:CUR;12/01/2015;1024;1025;1024;1025
USDMMK:CUR;09/01/2015;1027;1027;1024;1024
USDMMK:CUR;08/01/2015;1024;1024;1024;1024
USDMMK:CUR;07/01/2015;1027;1027;1024;1024
USDMMK:CUR;06/01/2015;1031;1031;1031;1031
USDMMK:CUR;05/01/2015;1031;1031;1027;1027
USDMMK:CUR;02/01/2015;1024;1031;1024;1031
USDMMK:CUR;30/12/2014;1032;1032;1025;1025
USDMMK:CUR;29/12/2014;1031;1031;1026;1026
USDMMK:CUR;26/12/2014;1031;1031;1026;1026
USDMMK:CUR;24/12/2014;1026;1026;1026;1026
USDMMK:CUR;23/12/2014;1026;1026;1026;1026
USDMMK:CUR;22/12/2014;1027;1027;1026;1026
USDMMK:CUR;19/12/2014;1025;1025;1024;1024
USDMMK:CUR;18/12/2014;1025;1025;1024;1024
USDMMK:CUR;17/12/2014;1029;1029;1024;1024
USDMMK:CUR;16/12/2014;1025;1031;1025;1025
USDMMK:CUR;15/12/2014;1025;1025;1025;1025
USDMMK:CUR;12/12/2014;1025;1030;1024;1029
USDMMK:CUR;11/12/2014;1025;1025;1025;1025
USDMMK:CUR;10/12/2014;1025;1025;1025;1025
USDMMK:CUR;09/12/2014;1025;1025;1025;1025
USDMMK:CUR;04/12/2014;1025;1032;1024;1024
USDMMK:CUR;02/12/2014;1033;1033;1033;1033
USDMMK:CUR;01/12/2014;1033;1033;1026;1026
USDMMK:CUR;28/11/2014;1024;1027;1024;1027
USDMMK:CUR;27/11/2014;1029;1029;1027;1027
USDMMK:CUR;26/11/2014;1027;1029;1027;1029
USDMMK:CUR;24/11/2014;1033;1033;1033;1033
USDMMK:CUR;20/11/2014;1046;1050;1046;1050
USDMMK:CUR;18/11/2014;1037;1045;1034;1040
USDMMK:CUR;17/11/2014;1026;1026;1026;1026
USDMMK:CUR;13/11/2014;1022;1024;1022;1024
USDMMK:CUR;12/11/2014;1020;1020;1015;1015
USDMMK:CUR;11/11/2014;1018;1018;1015;1015
USDMMK:CUR;10/11/2014;1015;1015;1015;1015
USDMMK:CUR;07/11/2014;1010;1015;1010;1015
USDMMK:CUR;05/11/2014;1004;1010;1004;1010
USDMMK:CUR;04/11/2014;1005;1005;1002;1005
USDMMK:CUR;03/11/2014;1002;1003;1000;1000
USDMMK:CUR;31/10/2014;1003;1004;1000;1000
USDMMK:CUR;30/10/2014;1000;1004;1000;1004
USDMMK:CUR;29/10/2014;1004;1005;1004;1005
USDMMK:CUR;28/10/2014;995;1001;994;1001
USDMMK:CUR;27/10/2014;995;995;995;995
USDMMK:CUR;24/10/2014;994;994;994;994
USDMMK:CUR;22/10/2014;994;994;993;993
USDMMK:CUR;21/10/2014;992;992;991;991
USDMMK:CUR;20/10/2014;991;991;991;991
USDMMK:CUR;17/10/2014;991;991;991;991
USDMMK:CUR;16/10/2014;990;991;990;991
USDMMK:CUR;15/10/2014;988;989;988;989
USDMMK:CUR;14/10/2014;987;988;987;988
USDMMK:CUR;13/10/2014;988;988;987;987
USDMMK:CUR;10/10/2014;988;988;986;987
USDMMK:CUR;09/10/2014;987;987;987;987
USDMMK:CUR;07/10/2014;987;988;987;988
USDMMK:CUR;03/10/2014;987;987;985;985
USDMMK:CUR;01/10/2014;986;986;986;986
USDMMK:CUR;30/09/2014;990;990;987;990
USDMMK:CUR;29/09/2014;989;990;988;988
USDMMK:CUR;26/09/2014;990;990;986;986
USDMMK:CUR;25/09/2014;986;990;986;990
USDMMK:CUR;24/09/2014;990;990;988;988
USDMMK:CUR;23/09/2014;988;990;988;988
USDMMK:CUR;22/09/2014;988;988;983;983
USDMMK:CUR;19/09/2014;983;984;981;981
USDMMK:CUR;18/09/2014;980;980;979;979
USDMMK:CUR;17/09/2014;976;976;976;976
USDMMK:CUR;16/09/2014;975;975;975;975
USDMMK:CUR;15/09/2014;973;975;973;975
USDMMK:CUR;12/09/2014;970;972;970;972
USDMMK:CUR;11/09/2014;968;970;968;970
USDMMK:CUR;10/09/2014;968;971;968;970
USDMMK:CUR;09/09/2014;968;971;968;971
USDMMK:CUR;08/09/2014;968;970;968;968
USDMMK:CUR;05/09/2014;968;971;968;969
USDMMK:CUR;04/09/2014;969;971;968;970
USDMMK:CUR;03/09/2014;970;970;969;969
USDMMK:CUR;02/09/2014;968;968;968;968
USDMMK:CUR;01/09/2014;968;969;968;969
USDMMK:CUR;29/08/2014;968;968;968;968
USDMMK:CUR;28/08/2014;968;968;968;968
USDMMK:CUR;27/08/2014;969;969;969;969
USDMMK:CUR;26/08/2014;968;968;968;968
USDMMK:CUR;25/08/2014;968;968;968;968
USDMMK:CUR;22/08/2014;969;969;969;969
USDMMK:CUR;21/08/2014;969;970;969;970
USDMMK:CUR;20/08/2014;969;969;969;969
USDMMK:CUR;19/08/2014;968;969;968;969
USDMMK:CUR;18/08/2014;969;969;969;969
USDMMK:CUR;15/08/2014;969;969;968;968
USDMMK:CUR;13/08/2014;969;969;969;969
USDMMK:CUR;12/08/2014;968;968;968;968
USDMMK:CUR;11/08/2014;968;968;968;968
USDMMK:CUR;08/08/2014;968;970;968;968
USDMMK:CUR;07/08/2014;969;969;968;968
USDMMK:CUR;06/08/2014;968;970;968;969
USDMMK:CUR;05/08/2014;969;971;969;971
USDMMK:CUR;04/08/2014;968;968;968;968
USDMMK:CUR;01/08/2014;968;971;968;971
USDMMK:CUR;31/07/2014;971;971;970;970
USDMMK:CUR;29/07/2014;968;970;968;970
USDMMK:CUR;28/07/2014;969;969;968;968
USDMMK:CUR;24/07/2014;969;969;969;969
USDMMK:CUR;23/07/2014;969;969;969;969
USDMMK:CUR;22/07/2014;969;969;969;969
USDMMK:CUR;21/07/2014;968;968;968;968
USDMMK:CUR;18/07/2014;969;970;968;969
USDMMK:CUR;17/07/2014;969;969;969;969
USDMMK:CUR;16/07/2014;969;969;967;967
USDMMK:CUR;15/07/2014;968;968;967;968
USDMMK:CUR;14/07/2014;967;967;967;967
USDMMK:CUR;10/07/2014;969;969;969;969
USDMMK:CUR;09/07/2014;969;970;969;970
USDMMK:CUR;07/07/2014;971;971;969;969
USDMMK:CUR;04/07/2014;971;971;971;971
USDMMK:CUR;02/07/2014;973;973;973;973
USDMMK:CUR;01/07/2014;972;973;971;971
USDMMK:CUR;30/06/2014;971;973;971;973
USDMMK:CUR;27/06/2014;974;974;974;974
USDMMK:CUR;26/06/2014;973;974;973;974
USDMMK:CUR;25/06/2014;971;971;971;971
USDMMK:CUR;24/06/2014;970;970;970;970
USDMMK:CUR;23/06/2014;972;972;972;972
